search_id,user_id,search_query,searched_movie_id,clicked_movie_id,search_timestamp,result_rank
1,1,Wedding Crashers,34162,,2025-11-13 05:19:50,8
2,1,Terminator 2: Judgment Day,589,589.0,2026-05-29 22:13:12,3
3,1,"Thirteenth Floor, The",2672,,2026-03-12 23:47:12,5
4,1,Pirates of the Caribbean: The Curse of the Black Pearl,6539,6539.0,2026-04-24 07:48:47,6
5,1,Scary Movie 3,6888,6888.0,2026-03-07 05:49:49,6
6,1,The Magnificent Seven,162350,162350.0,2026-02-13 04:09:45,1
7,1,Patriot Games,3256,,2026-05-24 11:59:37,9
8,2,"American Tail: Fievel Goes West, An",2142,2142.0,2026-05-13 05:23:30,3
9,2,The Jungle Book,137857,137857.0,2025-11-08 07:18:54,9
10,2,"5,000 Fingers of Dr. T, The",4294,4294.0,2026-05-02 20:56:24,5
11,2,Leaving Las Vegas,25,,2026-08-28 22:50:40,9
12,2,"Chronicles of Narnia: The Lion, the Witch and the Wardrobe, The",41566,41566.0,2026-06-19 00:42:35,9
13,2,Platoon,1090,,2026-03-29 03:05:05,7
14,2,"Holiday, The",49286,,2026-02-28 01:53:03,3
15,2,"Third Man, The",1212,,2026-02-23 23:58:01,8
16,2,Police Academy 3: Back in Training,2380,,2026-02-02 18:27:57,6
17,2,"Phantom, The",761,761.0,2026-01-25 22:44:24,2
18,2,"Queen of Versailles, The",96150,96150.0,2025-10-06 21:57:10,4
19,3,Tampopo,3819,,2026-02-25 19:06:31,9
20,3,Fantastic Four: Rise of the Silver Surfer,53464,53464.0,2025-10-02 15:35:39,2
21,3,Transformers: The Movie,4006,,2026-08-01 01:20:59,9
22,3,High Fidelity,3481,,2025-11-03 07:27:14,9
23,3,Beauty and the Beast,595,,2026-06-09 11:05:44,9
24,3,Ocean's Twelve,8984,8984.0,2026-07-12 20:44:02,8
25,3,Friends with Money,44864,44864.0,2026-08-28 18:09:52,1
26,3,Kingdom of Heaven,33162,,2026-03-30 03:40:32,5
27,4,"Age of Innocence, The",412,,2026-03-04 09:24:58,7
28,4,10 Things I Hate About You,2572,2572.0,2025-11-07 02:47:04,1
29,4,Raising Arizona,1394,,2026-05-28 01:02:24,8
30,4,Cast Away,4022,,2026-01-20 07:29:27,6
31,4,Radio Days,2750,,2026-02-22 03:46:31,5
32,4,"Bourne Ultimatum, The",54286,54286.0,2026-06-09 13:28:49,5
33,4,Finding Neverland,8970,8970.0,2026-06-23 22:11:17,7
34,4,American Wedding,6586,6586.0,2026-07-24 09:28:14,10
35,4,Maverick,368,,2026-06-18 22:24:25,7
36,4,Battleship Potemkin,3742,,2026-03-07 08:48:59,4
37,5,Blow,4239,,2026-06-11 23:47:58,4
38,5,Hannibal,4148,4148.0,2026-06-08 07:01:47,3
39,5,Arthur Christmas,91414,91414.0,2025-10-28 00:58:02,9
40,5,Superman II,2641,,2025-10-21 16:44:55,4
41,5,"Good Morning, Vietnam",3448,3448.0,2025-09-14 12:45:13,10
42,5,"Spanish Prisoner, The",1834,1834.0,2026-07-07 10:54:15,1
43,5,Black Hawk Down,5010,,2026-09-01 13:36:52,9
44,6,Star Trek II: The Wrath of Khan,1374,,2026-02-11 23:20:03,6
45,6,Life Is Beautiful,2324,,2026-05-04 01:08:38,5
46,6,"Sting, The",1234,,2025-09-18 11:07:17,8
47,6,"Lost World: Jurassic Park, The",1544,,2026-07-02 06:24:26,8
48,6,Pi,1921,1921.0,2026-08-24 05:50:45,1
49,6,"Princess Bride, The",1197,,2026-07-03 03:17:22,7
50,6,Shine,1357,,2026-06-27 22:54:47,1
51,6,Amadeus,1225,1225.0,2025-12-11 16:15:11,2
52,6,Kids,175,175.0,2026-08-03 12:27:54,5
53,7,Wallace & Gromit: The Wrong Trousers,1148,1148.0,2026-06-18 07:17:39,2
54,8,Into the Forest,142424,,2026-01-28 15:32:23,7
55,8,"Bourne Supremacy, The",8665,8665.0,2026-02-02 05:46:38,1
56,8,Ordinary People,1956,,2026-07-15 19:39:24,4
57,8,Charlotte's Web,2137,2137.0,2025-10-24 13:15:21,1
58,8,Moonstruck,3072,3072.0,2026-08-06 20:00:13,3
59,8,"Ring, The",5679,5679.0,2026-08-26 14:20:36,3
60,8,Munich,41997,41997.0,2026-05-11 12:31:21,4
61,8,Dragonheart,653,653.0,2026-07-26 09:37:52,1
62,8,Man on the Moon,3174,3174.0,2025-12-18 07:04:35,8
63,8,Starship Troopers,1676,1676.0,2026-02-05 18:32:26,9
64,9,Dreamcatcher,6250,,2025-10-04 01:52:21,7
65,9,"Da Vinci Code, The",45447,,2025-09-22 05:31:04,9
66,9,Alien,1214,1214.0,2026-01-09 15:31:19,1
67,9,Avatar,72998,,2025-09-23 12:57:25,5
68,9,Independence Day,780,,2026-02-07 02:19:35,9
69,9,WarGames,6979,,2025-12-21 19:06:56,3
70,9,Rope,2176,2176.0,2026-01-29 19:16:02,1
71,9,Stargate,316,,2025-11-16 05:44:16,8
72,9,Sex and Lucia,5477,5477.0,2025-09-19 03:25:18,3
73,9,Looper,96610,96610.0,2025-10-23 19:44:49,9
74,9,Batman,592,592.0,2025-10-19 00:22:06,2
75,9,"Matrix, The",2571,2571.0,2025-11-21 10:00:18,9
76,9,Dead Man Walking,36,36.0,2026-02-24 10:18:14,5
77,9,Midnight Cowboy,1952,,2025-10-20 07:43:46,8
78,10,Jaws,1387,1387.0,2026-03-15 19:57:23,3
79,11,One Flew Over the Cuckoo's Nest,1193,,2026-02-13 22:23:52,6
80,11,Three Kings,2890,,2026-03-24 11:46:10,8
81,11,Bewitched,33836,33836.0,2026-08-08 08:35:11,1
82,11,From Russia with Love,2948,2948.0,2026-01-03 22:56:28,5
83,11,Who Framed Roger Rabbit?,2987,2987.0,2025-11-10 06:43:33,4
84,11,"Lord of the Rings: The Fellowship of the Ring, The",4993,,2025-11-08 15:45:08,1
85,12,12 Years a Slave,105844,,2026-04-08 23:48:22,5
86,12,"Postman Always Rings Twice, The",7728,,2026-02-25 03:48:58,5
87,12,Shakespeare in Love,2396,2396.0,2026-01-08 16:58:20,5
88,12,Phir Hera Pheri,134334,134334.0,2026-06-05 14:19:39,4
89,12,Flight of the Navigator,2046,2046.0,2026-04-07 00:23:23,7
90,12,Deliverance,2871,2871.0,2025-12-13 04:03:28,2
91,12,Prometheus,94864,,2026-04-08 09:34:17,10
92,12,Star Wars: Episode IV - A New Hope,260,260.0,2026-05-30 14:50:43,2
93,12,Finding Dory,157296,157296.0,2025-11-21 19:31:38,2
94,12,When Harry Met Sally...,1307,,2025-09-12 06:51:09,10
95,12,Anger Management,6287,6287.0,2026-08-12 01:31:49,6
96,12,"Killing Fields, The",1299,1299.0,2026-04-24 06:57:26,7
97,12,Apocalypse Now,1208,,2026-02-07 16:13:20,8
98,12,Fatal Attraction,3101,,2025-11-20 04:13:31,9
99,13,M*A*S*H,5060,5060.0,2025-11-02 14:51:06,3
100,13,Lethal Weapon 3,2002,2002.0,2026-08-25 00:50:13,2
101,13,Clash of the Titans,5540,5540.0,2025-11-24 03:41:32,3
102,13,High Fidelity,3481,,2026-07-01 17:50:25,6
103,14,Brazil,1199,,2026-07-19 21:31:05,10
104,14,Mulan,1907,1907.0,2026-08-21 04:46:21,5
105,14,"Incredibles, The",8961,8961.0,2026-05-05 11:38:53,5
106,14,Knocked Up,52973,52973.0,2025-12-10 08:49:47,4
107,14,X2: X-Men United,6333,,2026-07-03 08:26:44,8
108,14,Captain America: Civil War,122920,,2025-11-22 22:13:38,10
109,15,Charlotte's Web,2137,2137.0,2026-04-30 09:31:46,3
110,16,Aliens,1200,,2025-10-02 04:07:56,10
111,16,Ratatouille,50872,,2026-05-27 09:15:53,9
112,16,Billy Madison,216,216.0,2026-01-24 14:22:56,10
113,16,Brazil,1199,,2026-08-25 13:38:29,6
114,16,Spider-Man,5349,,2026-01-22 03:21:20,5
115,16,Magnolia,3160,,2026-04-07 15:20:13,5
116,16,Elizabeth,2336,,2026-06-29 00:22:00,10
117,17,Cliffhanger,434,434.0,2025-10-06 16:48:45,5
118,17,Sneakers,1396,1396.0,2025-12-05 03:57:21,4
119,17,Babe,34,,2026-06-25 02:32:24,10
120,17,"Sixth Sense, The",2762,2762.0,2026-03-20 09:09:52,1
121,17,Dragon: The Bruce Lee Story,5055,,2026-06-13 09:19:27,10
122,18,Up,68954,68954.0,2026-06-19 10:39:23,4
123,18,Rush Hour 2,4701,,2025-09-27 09:19:29,10
124,18,"Good Morning, Vietnam",3448,3448.0,2025-12-06 13:44:47,4
125,18,"Hobbit: An Unexpected Journey, The",98809,98809.0,2026-01-28 21:12:41,2
126,18,"Crouching Tiger, Hidden Dragon",3996,3996.0,2026-08-24 10:33:31,4
127,19,Godzilla 2000,3864,3864.0,2026-09-04 16:44:27,1
128,19,Ready to Rumble,3511,,2026-06-25 04:16:20,5
129,20,"Other Woman, The",110771,,2026-07-11 12:42:14,10
130,21,Star Wars: Episode IV - A New Hope,260,260.0,2026-03-15 08:10:45,2
131,21,Made,4452,4452.0,2025-09-21 19:45:20,7
132,21,Anaconda,1499,,2026-04-01 17:05:19,10
133,21,Starship Troopers,1676,1676.0,2026-06-09 21:45:04,3
134,21,Cabin Boy,429,429.0,2026-04-23 09:08:03,5
135,21,Moonrise Kingdom,94959,,2026-07-19 03:40:44,8
136,21,Kiss Kiss Bang Bang,38061,,2026-01-05 09:27:17,9
137,21,King Kong,2367,,2025-12-11 06:21:31,8
138,21,Alice Through the Looking Glass,158813,158813.0,2026-08-16 23:44:35,4
139,21,My Father the Hero,26871,,2025-11-01 23:19:29,8
140,21,Gone in 60 Seconds,3717,3717.0,2025-10-11 06:04:59,1
141,21,Dawn of the Dead,7360,7360.0,2026-01-23 05:19:16,3
142,21,Kick-Ass,76251,,2026-06-30 01:26:34,4
143,22,"Birds, The",1333,1333.0,2025-11-27 17:05:03,3
144,22,Ace Ventura: When Nature Calls,19,,2026-07-18 00:13:12,9
145,22,"Man in the Iron Mask, The",1801,1801.0,2025-12-28 20:38:25,4
146,22,Mulholland Drive,4848,4848.0,2026-08-13 04:40:51,5
147,22,Memento,4226,,2026-05-06 04:37:19,4
148,22,"Day After Tomorrow, The",8361,,2026-09-06 00:19:09,7
149,23,Tommy Boy,333,,2026-03-14 23:23:05,10
150,23,"Nobody Speak: Hulk Hogan, Gawker and Trials of a Free Press",171251,,2026-01-24 14:48:46,10
151,23,"Hangover, The",69122,,2026-03-11 17:59:24,2
152,23,Catch Me If You Can,5989,,2025-12-15 18:43:24,10
153,23,Forrest Gump,356,,2025-09-24 20:31:06,7
154,23,That Thing You Do!,1042,,2026-01-26 20:59:54,9
155,23,Charlie's Angels: Full Throttle,6503,6503.0,2026-07-14 05:06:50,5
156,24,Confessions of a Dangerous Mind,144606,144606.0,2026-03-28 08:29:24,1
157,24,"Abyss, The",1127,,2026-06-21 00:27:55,7
158,24,Harry Potter and the Prisoner of Azkaban,8368,,2026-07-02 04:16:21,6
159,24,Stigmata,2840,,2026-02-24 05:31:25,6
160,24,Raiders of the Lost Ark,1198,1198.0,2025-11-15 19:54:46,3
161,24,From Russia with Love,2948,2948.0,2026-02-10 04:42:21,2
162,25,Eternal Sunshine of the Spotless Mind,7361,7361.0,2025-11-15 00:31:11,8
163,25,What Time Is It There?,5028,5028.0,2026-06-15 07:32:34,1
164,25,Escape from New York,1129,,2026-06-28 01:08:01,9
165,25,Akira,1274,,2026-04-02 18:58:11,8
166,25,"Texas Chainsaw Massacre, The",2459,2459.0,2025-11-17 14:54:11,10
167,25,Wild Tales,116897,116897.0,2026-05-12 22:53:24,5
168,25,"New One-Armed Swordsman, The",88327,88327.0,2026-01-09 10:02:57,5
169,25,Europa Europa,6235,,2026-03-18 05:35:51,9
170,25,"American Astronaut, The",4777,4777.0,2026-06-01 20:02:03,1
171,25,Unbreakable,3994,3994.0,2026-05-20 16:08:44,7
172,26,"Grand Budapest Hotel, The",109374,,2025-11-25 12:50:33,8
173,26,"Mask, The",367,367.0,2026-03-17 18:57:44,5
174,26,Independence Day,780,,2025-11-24 14:33:34,10
175,26,Dirty Dancing,1088,,2026-08-27 04:19:57,5
176,26,Wonder Woman,143355,143355.0,2026-04-09 03:26:34,6
177,26,Evil Dead II,1261,,2025-09-18 18:18:08,5
178,26,"Lord of the Rings: The Two Towers, The",5952,,2026-08-21 22:58:58,3
179,26,Pacific Rim,103228,,2026-08-18 19:20:16,5
180,26,American History X,2329,,2025-11-22 15:54:06,8
181,26,Gladiator,3578,3578.0,2025-11-03 04:49:01,5
182,26,Gremlins 2: The New Batch,2004,2004.0,2026-07-10 13:10:41,1
183,26,Cooties,141799,,2026-02-25 07:57:25,5
184,27,Dumb and Dumber To,116977,116977.0,2025-09-14 17:47:07,1
185,27,Ghostbusters II,2717,2717.0,2026-01-16 01:33:09,3
186,27,Leaving Las Vegas,25,,2025-12-04 03:32:55,7
187,27,V for Vendetta,44191,,2026-08-23 11:28:03,5
188,27,On Her Majesty's Secret Service,3633,,2026-02-13 01:30:57,5
189,27,"Notebook, The",8533,8533.0,2026-04-26 00:15:40,3
190,27,Never Been Kissed,2581,,2026-08-03 01:23:18,1
191,27,Scarface,4262,4262.0,2026-08-31 13:40:38,1
192,27,Adanggaman,4449,4449.0,2026-03-20 09:59:25,8
193,28,Papillon,3198,,2026-04-22 20:05:54,6
194,28,Jaws,1387,1387.0,2026-01-20 10:54:11,1
195,28,Mad Max Beyond Thunderdome,3704,,2025-09-17 13:21:57,9
196,28,Mickey Blue Eyes,2805,,2026-08-22 14:29:22,7
197,28,"Man from Snowy River, The",4535,4535.0,2025-11-30 22:15:23,2
198,28,Iron Man 2,77561,77561.0,2025-10-09 04:57:45,2
199,28,What Women Want,4018,,2026-06-13 21:56:48,3
200,28,Titanic,1721,1721.0,2026-02-12 03:58:25,6
201,28,Easy A,80549,,2026-08-25 22:20:10,7
202,28,Holes,6297,6297.0,2025-10-29 06:55:53,4
203,29,Goldfinger,2947,2947.0,2026-07-16 07:58:29,4
204,30,They Live,4553,4553.0,2026-02-09 23:08:23,2
205,30,Donnie Darko,4878,4878.0,2026-05-16 10:09:11,3
206,31,House Party 3,470,,2026-01-23 02:19:55,6
207,31,"Rock, The",733,733.0,2026-03-06 16:36:36,4
208,31,Avatar,72998,72998.0,2025-09-15 17:57:40,3
209,31,Mad Max: Fury Road,122882,,2026-09-03 04:41:05,10
210,31,Little Miss Sunshine,46578,46578.0,2026-01-28 21:13:52,2
211,31,"Substitute, The",694,694.0,2026-05-07 02:10:15,5
212,31,"Muppet Movie, The",3396,,2025-10-27 06:46:03,10
213,32,"General, The",3022,3022.0,2026-08-29 01:27:10,9
214,33,My Neighbor Totoro,5971,,2025-11-23 13:03:52,8
215,33,Midnight in Paris,86882,86882.0,2026-05-25 23:32:47,1
216,33,Pride & Prejudice,40629,40629.0,2026-06-22 23:50:17,1
217,33,Wonder Woman,143355,,2025-10-27 07:55:31,8
218,33,Made,4452,,2026-07-15 04:07:52,7
219,33,Kill Bill: Vol. 1,6874,6874.0,2026-01-22 19:02:53,10
220,33,Withnail & I,1202,,2026-01-07 07:37:44,7
221,33,Fantastic Four: Rise of the Silver Surfer,53464,53464.0,2026-01-25 10:20:24,2
222,33,Dog Day Afternoon,3362,,2026-02-25 01:55:14,9
223,34,Mortal Kombat,44,,2026-06-27 16:02:55,9
224,34,Swimming with Sharks,322,,2026-03-13 20:01:05,9
225,34,Thirteen Days,4033,4033.0,2026-06-29 02:52:01,4
226,34,Murder by Death,5021,5021.0,2025-12-06 03:51:39,2
227,34,Animal House,3421,3421.0,2025-11-17 18:22:58,2
228,34,"Planes, Trains & Automobiles",4002,4002.0,2026-05-09 10:43:19,3
229,34,The Devil's Advocate,1645,1645.0,2026-08-11 17:09:12,4
230,34,Autumn in New York,3824,,2026-03-11 07:54:42,8
231,34,Spawn,1591,1591.0,2025-10-04 21:03:25,9
232,34,Forrest Gump,356,356.0,2026-07-07 23:36:25,6
233,34,"Limey, The",2912,,2026-04-08 17:41:19,8
234,34,Pulp Fiction,296,296.0,2026-03-09 07:02:18,3
235,35,Spectre,136020,136020.0,2026-08-17 08:17:49,6
236,35,Inherent Vice,116799,116799.0,2025-11-30 16:53:27,4
237,35,Black Panther,122906,,2026-09-02 00:39:13,8
238,35,Superman Returns,46530,46530.0,2026-01-17 19:18:14,2
239,35,Space Cowboys,3827,,2025-09-25 23:29:55,3
240,36,Independence Day,780,,2026-06-19 00:21:24,6
241,36,Twelfth Night,892,892.0,2026-03-19 13:05:46,4
242,36,Highlander III: The Sorcerer,405,,2026-07-31 14:09:56,10
243,36,"Shawshank Redemption, The",318,318.0,2025-11-11 03:51:21,4
244,36,Traffic,4034,4034.0,2026-07-17 02:19:17,6
245,37,The Hunger,3550,,2026-03-11 22:30:13,10
246,37,"Fifth Element, The",1527,1527.0,2026-01-08 10:33:16,2
247,37,Robin Hood: Men in Tights,520,,2025-09-28 04:08:55,9
248,37,Foxy Brown,4065,,2025-10-30 15:49:08,8
249,37,Batman Begins,33794,33794.0,2026-08-31 04:56:32,1
250,37,Troy,7458,7458.0,2026-07-10 21:32:11,2
251,37,"Last Samurai, The",7143,7143.0,2026-01-08 07:19:16,9
252,37,Back to the Future Part III,2012,2012.0,2026-02-02 12:36:37,1
253,37,Bring It On,3882,,2025-12-05 16:36:52,8
254,37,"Avventura, L'",8195,8195.0,2025-12-25 19:58:20,3
255,38,"Streetcar Named Desire, A",1104,,2025-12-05 22:57:27,10
256,38,Rosewood,1465,,2026-07-04 15:15:04,10
257,38,Over the Hedge,45431,,2025-12-30 22:51:30,7
258,38,Shutter Island,74458,,2026-04-24 15:10:52,6
259,38,She's All That,2485,2485.0,2026-02-17 08:37:48,1
260,39,Peter Pan,2087,2087.0,2026-01-01 07:29:55,2
261,40,Dial M for Murder,1086,1086.0,2026-05-27 05:58:22,7
262,40,Pitch Perfect,96588,,2026-08-28 12:19:56,7
263,40,Dennis the Menace,6166,,2026-06-20 10:30:13,4
264,40,Milagro Beanfield War,4523,,2026-08-26 18:19:16,4
265,40,"Cell, The",3863,,2026-01-28 16:13:03,6
266,40,Sinbad: Legend of the Seven Seas,6536,6536.0,2026-08-08 12:43:29,7
267,40,Casablanca,912,912.0,2026-02-04 14:20:41,2
268,40,Twilight,63992,63992.0,2026-08-22 04:43:25,1
269,41,Speed,377,377.0,2025-10-19 20:31:28,4
270,41,Along Came a Spider,4238,4238.0,2026-08-27 04:50:17,8
271,41,Dirty Dancing,1088,1088.0,2026-06-05 18:47:09,2
272,41,In the Mood For Love,4144,4144.0,2026-02-25 23:57:44,4
273,41,"Good, the Bad and the Ugly, The",1201,,2026-05-25 06:31:03,5
274,41,"Grand Budapest Hotel, The",109374,,2026-04-28 01:51:39,8
275,41,St. Elmo's Fire,2146,,2026-03-06 08:37:42,10
276,41,Ghost,587,,2026-02-21 13:06:12,8
277,41,"Magnificent Seven, The",4327,,2026-08-05 05:58:17,8
278,41,"Girl with the Dragon Tattoo, The",91658,,2026-03-04 02:30:09,4
279,41,xXx: State of the Union,33158,,2026-03-15 06:01:40,5
280,41,Ghost,587,587.0,2026-03-17 11:37:45,10
281,41,Léon: The Professional,293,,2026-06-23 15:28:42,8
282,42,"Monster, The",2593,,2026-06-18 13:07:41,5
283,42,300,51662,,2026-09-07 05:06:44,6
284,42,"Hunt for Red October, The",1610,,2026-08-14 03:21:23,6
285,42,Cast Away,4022,4022.0,2026-05-14 01:26:40,5
286,42,"Punisher, The",7439,,2026-06-29 00:52:25,10
287,42,Heat,6,6.0,2026-05-12 06:36:25,9
288,42,My Cousin Vinny,2302,,2026-07-23 21:41:45,10
289,42,Midnight in the Garden of Good and Evil,1711,1711.0,2025-09-20 01:50:36,2
290,42,Sucker Punch,85510,85510.0,2026-03-09 19:15:50,3
291,42,Fantastic Voyage,3927,3927.0,2026-07-03 17:21:57,4
292,42,True Grit,82459,82459.0,2026-07-17 03:01:32,1
293,43,Fiddler on the Roof,4857,4857.0,2025-10-02 04:48:37,2
294,43,"Truth About Cats & Dogs, The",708,708.0,2026-02-03 06:01:37,4
295,43,Blazing Saddles,3671,3671.0,2025-09-17 07:01:48,6
296,43,Dunkirk,174055,174055.0,2026-05-29 20:36:08,1
297,43,Jerry Maguire,1393,,2026-04-21 04:43:59,7
298,43,"Brothers Grimm, The",36401,36401.0,2026-07-19 23:29:56,1
299,43,"Little Shop of Horrors, The",2747,,2026-07-08 18:07:48,8
300,43,Field of Dreams,1302,1302.0,2025-11-26 19:10:24,3
301,43,"League of Their Own, A",3255,3255.0,2026-04-11 15:21:32,1
302,43,"Running Man, The",3698,3698.0,2026-06-25 21:45:27,4
303,43,"Dark Knight, The",58559,,2025-12-16 12:19:52,7
304,44,"Terminator, The",1240,1240.0,2026-01-12 13:33:43,2
305,44,"Usual Suspects, The",50,,2025-09-19 12:00:12,2
306,44,Working Girl,2245,2245.0,2025-10-23 16:00:50,9
307,44,Platoon,1090,1090.0,2025-12-11 04:14:04,8
308,44,"Constant Gardener, The",36517,,2025-12-26 06:19:58,3
309,44,Puppet Master,3660,3660.0,2025-10-18 09:57:14,8
310,44,One Flew Over the Cuckoo's Nest,1193,,2026-02-02 01:55:08,8
311,44,Edge of Tomorrow,111759,,2026-04-08 21:02:06,4
312,44,Casablanca,912,,2025-11-03 10:59:39,7
313,44,Powder,24,,2026-08-31 05:37:54,7
314,45,"Indian in the Cupboard, The",60,60.0,2026-07-29 09:57:39,3
315,45,Enemy of the State,2353,,2026-03-22 02:10:57,2
316,45,Tango & Cash,4673,,2026-03-16 22:47:10,10
317,45,Small Soldiers,1920,1920.0,2025-11-01 19:39:05,7
318,45,Planet of the Apes,4643,,2026-05-04 19:11:44,6
319,46,Running Scared,2457,,2025-09-09 19:29:02,3
320,46,Harold and Kumar Go to White Castle,8807,8807.0,2025-10-02 12:02:30,8
321,46,"Patriot, The",3753,,2026-06-30 07:52:50,7
322,46,Police Academy 4: Citizens on Patrol,2381,2381.0,2025-12-09 21:36:22,3
323,46,Dogville,7371,7371.0,2026-01-07 06:34:36,2
324,46,Star Wars: Episode VI - Return of the Jedi,1210,,2026-01-22 15:52:42,6
325,46,"Bug's Life, A",2355,,2025-09-12 00:45:47,10
326,46,"Family Thing, A",635,,2026-08-12 20:18:40,7
327,46,Talladega Nights: The Ballad of Ricky Bobby,46970,,2025-11-30 07:26:25,5
328,47,"Graduate, The",1247,1247.0,2026-02-20 22:08:27,1
329,47,On Any Sunday,2984,2984.0,2025-11-26 09:00:01,7
330,47,Schindler's List,527,,2026-03-16 10:26:33,9
331,47,Stuck on You,7150,7150.0,2025-12-08 22:31:11,2
332,47,"Dangerous Lives of Altar Boys, The",5421,,2026-01-06 16:14:58,7
333,47,Zodiac,51540,51540.0,2025-11-21 04:40:47,5
334,47,"Talented Mr. Ripley, The",3176,3176.0,2026-04-28 13:57:16,2
335,47,Monsieur Ibrahim,7299,7299.0,2026-06-11 04:26:22,3
336,47,Finding Neverland,8970,,2025-11-21 14:45:26,5
337,48,Wide Awake,1812,1812.0,2025-11-30 23:55:51,1
338,48,Pearl Harbor,4310,4310.0,2026-01-18 13:35:54,6
339,48,"Fast Runner, The",5417,5417.0,2025-11-23 12:36:31,6
340,48,American Beauty,2858,2858.0,2026-03-05 23:22:30,10
341,48,"Killer, The",1218,,2026-05-06 05:40:04,3
342,48,Harry Potter and the Order of the Phoenix,54001,54001.0,2025-10-18 01:26:26,2
343,48,"Sixth Sense, The",2762,2762.0,2025-10-19 03:17:58,9
344,48,"Witches, The",7045,,2026-01-21 19:38:34,9
345,48,Masters of the Universe,4133,4133.0,2025-11-21 13:59:20,9
346,48,"Devil Wears Prada, The",45720,45720.0,2025-12-19 20:11:34,5
347,48,Fury,115210,,2026-05-27 02:57:36,6
348,49,Metro,1432,1432.0,2025-12-07 03:48:37,1
349,49,Elysium,103253,,2025-11-17 08:53:05,7
350,49,"Shawshank Redemption, The",318,,2026-07-03 14:15:11,8
351,50,Spider-Man 2,8636,,2025-11-27 16:52:46,5
352,50,Superbad,54503,,2026-09-03 10:26:15,9
353,50,"Beautiful Mind, A",4995,4995.0,2025-09-13 05:49:21,10
354,50,Nosferatu the Vampyre,5489,,2025-10-05 08:15:30,10
355,50,Alpha,185031,,2025-10-02 15:45:55,10
356,51,Scream,1407,,2026-04-23 03:54:32,5
357,51,Phenomenon,802,,2025-12-25 19:47:34,8
358,51,Zero Dark Thirty,98961,98961.0,2026-08-08 15:48:02,2
359,51,Species,196,196.0,2025-12-24 09:13:26,3
360,51,"Departed, The",48516,48516.0,2026-07-05 04:38:07,1
361,51,There's Something About Mary,1923,,2026-09-05 13:39:04,2
362,51,Reindeer Games,3316,,2025-09-18 20:03:42,10
363,51,Houseguest,248,,2025-12-07 16:48:07,8
364,51,Crash,33166,,2026-06-20 13:49:29,9
365,51,Stalag 17,3196,,2026-08-05 23:10:02,10
366,52,"Usual Suspects, The",50,,2025-10-25 01:17:24,10
367,52,Toy Story,1,,2026-07-11 10:56:26,2
368,53,Star Wars: Episode IV - A New Hope,260,260.0,2026-05-18 13:48:52,4
369,53,"Shawshank Redemption, The",318,318.0,2026-01-15 04:38:51,5
370,53,Billy Elliot,3967,,2025-09-19 01:38:08,9
371,54,Chasing Amy,1639,,2026-03-26 04:31:04,4
372,54,Monty Python and the Holy Grail,1136,1136.0,2025-11-24 20:39:40,3
373,54,"Amityville Horror, The",1327,1327.0,2026-05-18 03:04:05,2
374,54,E.T. the Extra-Terrestrial,1097,,2026-06-22 13:56:06,9
375,54,"Town, The",80489,80489.0,2025-12-28 02:46:15,9
376,54,Peter Pan,2087,2087.0,2026-03-29 16:01:25,4
377,54,World War Z,103249,103249.0,2026-06-20 15:05:58,5
378,54,Tales from the Darkside: The Movie,2327,,2026-03-05 11:38:24,8
379,54,4 Little Girls,4217,4217.0,2026-06-06 09:51:51,2
380,55,Hoop Dreams,246,,2026-04-03 06:35:23,8
381,55,48 Hrs.,5049,,2025-12-06 23:48:10,5
382,55,Coneheads,435,435.0,2026-08-03 23:31:56,2
383,55,Taxi Driver,111,,2025-11-15 07:12:59,10
384,56,Thumbsucker,36537,,2026-09-05 21:36:21,6
385,56,Inglourious Basterds,68157,68157.0,2026-06-11 08:05:26,3
386,56,"Bodyguard, The",3257,,2026-06-28 08:27:33,10
387,56,"Palm Beach Story, The",2937,2937.0,2025-11-29 20:35:49,1
388,56,"Sentinel, The",45062,,2026-02-28 17:37:49,6
389,56,Jason and the Argonauts,7757,,2026-06-20 13:39:58,9
390,57,Jumper,58025,,2026-06-03 06:15:22,9
391,57,Miller's Crossing,1245,1245.0,2026-05-13 20:03:28,9
392,57,We Own the Night,55272,,2026-07-14 10:43:23,10
393,57,Kissing Jessica Stein,5222,,2025-10-12 08:41:45,5
394,57,Groundhog Day,1265,1265.0,2025-11-02 17:35:34,6
395,57,Elf,6936,,2026-07-28 09:12:20,10
396,57,Blended,111617,,2026-08-03 07:49:27,5
397,57,Dumb & Dumber,231,,2026-06-28 00:46:10,3
398,57,Titanic,1721,1721.0,2025-09-24 06:01:30,2
399,57,Iron Man,59315,59315.0,2026-08-05 19:08:50,1
400,57,Must Love Dogs,34336,34336.0,2025-11-08 05:19:32,8
401,57,Terminator 2: Judgment Day,589,,2026-06-08 14:15:52,9
402,57,Monty Python and the Holy Grail,1136,,2025-09-15 00:01:14,5
403,57,Arthur 2: On the Rocks,4471,4471.0,2026-08-05 09:00:00,6
404,58,Coraline,66097,,2026-02-13 09:34:11,10
405,58,Yes Man,64969,64969.0,2026-04-27 14:34:37,10
406,58,"Game, The",1625,1625.0,2026-06-23 10:20:19,7
407,58,Cars,45517,45517.0,2025-09-19 08:49:16,7
408,58,Stargate,316,316.0,2026-05-16 01:04:43,1
409,59,Goodfellas,1213,,2026-02-24 15:54:47,8
410,59,I'll Do Anything,472,,2026-03-31 07:12:27,3
411,59,Close Encounters of the Third Kind,3471,3471.0,2025-10-08 05:35:45,2
412,59,"Last Castle, The",4866,4866.0,2026-01-25 11:03:51,5
413,59,Brave,95167,95167.0,2026-06-19 14:58:17,4
414,59,Shine,1357,1357.0,2025-12-22 20:04:08,1
415,59,Pirates of the Caribbean: The Curse of the Black Pearl,6539,6539.0,2025-12-06 09:33:06,6
416,59,Twins,4558,,2026-05-18 08:00:23,2
417,60,"King and I, The",2565,2565.0,2026-06-12 00:56:30,3
418,60,Saving Private Ryan,2028,2028.0,2026-08-09 10:31:34,1
419,60,Total Recall,2916,2916.0,2026-01-31 09:46:48,3
420,60,Toy Story,1,1.0,2025-09-12 22:08:05,2
421,60,Wolf and Calf,175401,175401.0,2025-10-15 14:22:47,1
422,60,No Country for Old Men,55820,,2026-02-16 15:28:59,7
423,60,Cape Fear,1343,1343.0,2026-07-20 22:15:24,2
424,60,Reservoir Dogs,1089,,2026-03-11 13:41:21,3
425,60,"Brady Bunch Movie, The",585,,2026-08-14 19:53:55,5
426,60,Sweeney Todd: The Demon Barber of Fleet Street,56757,56757.0,2026-08-05 00:54:57,4
427,60,"Graduate, The",1247,1247.0,2026-07-09 15:59:03,3
428,60,Austin Powers: International Man of Mystery,1517,1517.0,2026-01-29 01:31:18,6
429,60,Bringing Up Baby,955,955.0,2026-05-02 05:28:18,1
430,61,Serpico,3735,3735.0,2026-08-13 11:46:50,8
431,61,Some Like It Hot,910,910.0,2026-08-20 10:09:57,5
432,61,"Mummy, The",2617,2617.0,2025-10-18 19:19:20,2
433,61,Altered States,4713,,2026-07-15 18:30:14,5
434,61,John Wick,115149,,2026-09-07 17:24:55,4
435,61,Stigmata,2840,2840.0,2026-07-17 09:51:20,7
436,61,"Lord of the Rings: The Two Towers, The",5952,5952.0,2025-10-18 00:30:35,4
437,61,Willy Wonka & the Chocolate Factory,1073,,2026-02-18 23:41:21,6
438,61,Stalker,1232,,2026-05-29 22:06:28,8
439,61,Fracchia contro Dracula,139994,139994.0,2026-06-10 16:44:17,1
440,61,"Madness of King George, The",272,272.0,2026-01-06 09:33:35,2
441,61,Of Mice and Men,4178,,2026-08-16 13:15:17,9
442,62,"Serbian Film, A",79251,,2026-02-14 17:27:58,6
443,62,Blade Runner,541,,2026-07-25 16:02:10,9
444,62,Dead Man Walking,36,,2026-08-04 07:38:52,6
445,62,Finding Nemo,6377,,2026-05-11 05:12:16,10
446,62,Hotel Transylvania,97225,97225.0,2026-08-28 17:17:14,1
447,62,"Shawshank Redemption, The",318,318.0,2026-08-25 18:08:41,1
448,63,Cujo,2121,,2025-10-20 10:29:53,2
449,63,Breakfast at Tiffany's,902,,2026-07-10 22:25:06,10
450,63,Singin' in the Rain,899,,2026-06-05 20:16:52,7
451,63,Percy Jackson: Sea of Monsters,104074,,2026-06-06 06:50:17,3
452,63,Don't Tell Mom the Babysitter's Dead,4040,4040.0,2026-01-18 19:38:04,9
453,63,Close Encounters of the Third Kind,3471,,2026-05-05 17:48:25,2
454,63,"Invincible Iron Man, The",102007,102007.0,2026-01-31 23:38:28,4
455,63,Lucky Number Slevin,44665,,2026-05-04 20:02:52,7
456,63,Pee-wee's Big Adventure,3608,,2026-05-01 15:56:07,6
457,63,Entrapment,2605,2605.0,2026-03-27 04:56:44,3
458,64,Big Fish,7147,7147.0,2025-10-04 19:54:47,2
459,64,"Princess Bride, The",1197,,2025-10-26 22:54:59,9
460,64,Pete's Dragon,1030,,2026-03-15 00:03:57,7
461,64,"Punisher, The",7439,,2025-11-10 14:38:10,7
462,64,Batman Forever,153,153.0,2026-03-19 21:12:41,2
463,64,We Were Soldiers,5152,,2026-07-01 18:02:33,5
464,64,Deadpool,122904,122904.0,2026-02-19 20:57:58,3
465,64,Blade,2167,2167.0,2025-09-26 03:43:56,6
466,64,Star Wars: Episode VI - Return of the Jedi,1210,1210.0,2026-09-05 22:11:10,1
467,64,"Night of the Hunter, The",7013,,2025-12-26 19:12:40,8
468,64,Good Will Hunting,1704,1704.0,2026-06-30 15:34:17,4
469,64,Hook,3489,3489.0,2026-04-27 08:31:58,3
470,65,Screamers,76,76.0,2026-08-16 01:44:06,2
471,65,Nick and Norah's Infinite Playlist,62155,62155.0,2026-08-29 02:41:42,2
472,65,Resident Evil,5219,5219.0,2025-12-05 13:51:48,3
473,65,Black Swan,81591,81591.0,2026-08-29 17:27:57,3
474,66,Ratatouille,50872,50872.0,2026-04-07 21:05:52,1
475,66,"Rundown, The",6764,,2026-02-18 01:26:20,7
476,66,Halloween II,1983,1983.0,2026-09-08 12:00:51,2
477,66,No Country for Old Men,55820,55820.0,2026-07-31 15:47:15,9
478,66,Step Brothers,60756,,2026-04-01 10:26:57,8
479,66,"Importance of Being Earnest, The",5380,5380.0,2025-11-02 10:14:01,7
480,66,101 Dalmatians,2085,,2025-11-22 11:48:31,9
481,66,There Will Be Blood,56782,56782.0,2026-05-22 19:43:21,5
482,67,Hannibal,4148,,2026-01-29 08:24:28,4
483,67,"Mummy, The",2617,2617.0,2026-02-02 09:47:56,10
484,67,Fargo,608,,2025-09-30 13:36:54,10
485,67,Austin Powers in Goldmember,5481,,2026-07-24 05:44:17,9
486,67,Raiders of the Lost Ark,1198,1198.0,2025-09-15 21:32:31,1
487,67,"Opposite of Sex, The",1885,,2026-02-16 18:12:57,9
488,67,Live Flesh,1844,,2026-03-07 04:06:31,5
489,67,Dumb and Dumberer: When Harry Met Lloyd,6482,,2025-09-09 07:06:17,8
490,68,My Fair Lady,914,914.0,2026-05-09 23:37:26,4
491,68,Waterworld,208,,2025-11-01 00:03:46,5
492,68,"Birdcage, The",141,141.0,2026-07-14 04:20:49,7
493,68,"Rock, The",733,733.0,2026-02-11 15:08:21,5
494,68,Unbreakable,3994,,2026-06-10 02:34:25,10
495,68,"Christmas Story, A",2804,2804.0,2026-04-19 21:02:48,2
496,69,WALL·E,60069,,2026-05-24 20:56:06,8
497,69,Total Recall,2916,2916.0,2025-11-06 13:03:22,6
498,69,White Squall,86,,2025-12-05 22:43:50,4
499,69,Rear Window,904,904.0,2026-06-21 19:58:52,7
500,69,Independence Day,780,,2026-02-19 00:07:26,7
501,69,Analyze This,2539,,2025-10-17 04:40:39,5
502,69,Apocalypse Now,1208,1208.0,2026-03-15 12:20:31,1
503,69,Jack Reacher,99112,99112.0,2026-05-26 20:49:18,10
504,69,One Flew Over the Cuckoo's Nest,1193,,2026-05-10 00:54:38,10
505,69,Nutty Professor II: The Klumps,3821,,2026-09-08 09:24:47,8
506,69,Family Guy Presents: It's a Trap,85780,85780.0,2026-07-27 16:15:22,1
507,69,The Scorpion King,5313,,2025-11-08 01:14:38,5
508,69,Remember the Titans,3916,,2026-06-23 03:35:40,2
509,70,Liar Liar,1485,1485.0,2026-03-13 11:47:36,1
510,70,Step Brothers,60756,60756.0,2026-01-30 22:34:12,9
511,70,Fantasia,1282,1282.0,2026-03-30 04:31:23,4
512,70,"Motorcycle Diaries, The",8873,,2026-08-03 21:47:28,4
513,70,Match Point,41285,,2026-02-11 09:29:16,2
514,70,"Saint, The",1479,1479.0,2025-11-17 05:31:13,1
515,71,Brotherhood of the Wolf,5026,5026.0,2026-02-03 13:23:35,5
516,71,Midnight Cowboy,1952,,2026-04-27 06:43:50,7
517,71,Bambi,2018,,2026-05-01 09:29:37,9
518,71,Return to Me,3512,3512.0,2025-11-14 21:56:52,3
519,71,Milk Money,276,276.0,2026-07-24 08:43:37,3
520,71,Vanilla Sky,4975,4975.0,2026-04-09 07:38:20,2
521,72,High Fidelity,3481,,2026-02-25 18:11:23,8
522,72,Tequila Sunrise,2802,,2026-05-02 09:46:41,5
523,72,Naked Gun 33 1/3: The Final Insult,370,370.0,2026-01-08 20:11:54,5
524,73,Star Wars: Episode V - The Empire Strikes Back,1196,1196.0,2025-10-26 11:58:30,4
525,73,Sky Captain and the World of Tomorrow,8865,,2026-04-11 04:44:22,6
526,73,Underworld,6754,6754.0,2025-10-09 19:08:27,5
527,73,"American President, The",11,,2026-06-23 09:37:37,5
528,73,One Flew Over the Cuckoo's Nest,1193,1193.0,2026-05-20 07:53:23,3
529,74,Tequila Sunrise,2802,2802.0,2026-06-12 03:47:33,3
530,74,Armour of God II: Operation Condor,2879,2879.0,2026-08-30 04:04:08,5
531,74,Grease 2,1381,1381.0,2026-08-16 11:09:41,3
532,74,Tank Girl,327,327.0,2025-10-04 09:42:46,2
533,74,Strange Magic,126482,126482.0,2026-08-04 05:33:58,10
534,75,Fatal Instinct,445,,2025-11-22 08:24:59,10
535,75,Dr. Strangelove or: How I Learned to Stop Worrying and Love the Bomb,750,,2026-04-01 03:33:16,8
536,75,Striptease,762,,2026-02-27 00:40:49,8
537,75,American Beauty,2858,,2025-09-16 14:56:17,7
538,75,Poltergeist,1994,1994.0,2026-02-21 03:26:23,10
539,75,Jumanji,2,,2025-12-21 05:25:37,6
540,75,Moon,68237,,2026-07-05 09:05:53,9
541,75,"Beautiful Mind, A",4995,,2026-05-24 10:23:14,8
542,75,Blades of Glory,52245,,2025-09-18 03:12:51,8
543,75,"Guns of Navarone, The",3654,3654.0,2026-04-14 00:04:58,5
544,75,Big Fish,7147,7147.0,2026-07-12 22:11:37,4
545,76,Munich,41997,41997.0,2026-03-23 19:22:39,3
546,76,Election,2599,2599.0,2026-04-24 17:18:37,2
547,76,Top Gun,1101,1101.0,2026-05-25 07:09:30,2
548,76,Erin Brockovich,3408,3408.0,2026-02-08 07:02:49,6
549,76,Amelie,4973,,2026-05-05 05:59:16,7
550,76,Basic Instinct,1092,,2026-08-18 18:17:24,9
551,76,Saw,148671,148671.0,2026-04-16 05:20:19,3
552,76,Valmont,5646,,2026-07-07 23:18:35,10
553,76,Monty Python's The Meaning of Life,6807,6807.0,2026-05-03 07:09:34,1
554,76,Starship Troopers,1676,1676.0,2026-07-24 23:15:40,3
555,77,Meet the Parents,3948,,2026-06-26 19:22:04,7
556,77,"Godfather: Part II, The",1221,,2025-10-09 00:19:25,5
557,77,Daylight,798,,2026-07-23 10:03:33,8
558,77,Anastasia,1688,1688.0,2026-05-21 03:04:12,7
559,77,"Talented Mr. Ripley, The",3176,3176.0,2026-08-10 00:43:39,2
560,77,Star Wars: Episode IV - A New Hope,260,260.0,2025-12-08 00:19:54,5
561,78,"Walk to Remember, A",5066,5066.0,2025-12-10 12:37:07,6
562,78,Superman III,2642,,2026-02-10 23:07:39,6
563,78,Hidden Figures,166643,166643.0,2026-09-05 22:19:20,2
564,78,Free Fire,169992,,2026-07-06 14:49:37,7
565,78,Don Juan DeMarco,224,,2026-08-13 03:09:25,10
566,78,James and the Giant Peach,661,661.0,2026-07-15 03:42:08,9
567,78,"Butcher's Wife, The",2266,,2025-10-25 07:32:54,9
568,78,Toy Story,1,,2026-03-28 00:39:09,8
569,79,Top Gun,1101,1101.0,2026-07-02 08:58:30,3
570,79,Winnie Pooh,163072,,2026-03-23 05:36:45,8
571,79,One Flew Over the Cuckoo's Nest,1193,1193.0,2025-09-27 01:00:05,5
572,79,Star Wars: Episode VI - Return of the Jedi,1210,,2026-02-22 05:55:09,8
573,79,Hot Shots! Part Deux,466,466.0,2026-02-26 03:44:59,6
574,79,Exit to Eden,234,234.0,2026-03-10 09:56:20,4
575,79,Psycho,1219,1219.0,2026-02-19 02:45:12,2
576,79,Midnight in the Garden of Good and Evil,1711,,2026-03-31 04:38:19,9
577,79,Star Trek IV: The Voyage Home,1376,1376.0,2026-08-13 23:12:28,4
578,79,Wreck-It Ralph,97913,97913.0,2026-01-04 18:51:48,2
579,79,Thor,86332,,2026-03-03 22:27:04,6
580,79,101 Dalmatians,2085,2085.0,2026-05-26 13:45:22,1
581,79,X-Men: The Last Stand,45499,45499.0,2026-01-06 14:38:42,3
582,79,Dog Day Afternoon,3362,3362.0,2025-11-15 02:40:29,6
583,80,Star Trek II: The Wrath of Khan,1374,,2026-03-25 01:55:38,9
584,80,Seven,47,47.0,2025-11-27 18:53:31,2
585,80,Snowpiercer,107406,107406.0,2026-08-13 14:26:39,2
586,80,Snakes on a Plane,46965,,2025-10-20 23:16:55,9
587,80,Mother,1414,1414.0,2026-06-15 23:09:22,1
588,80,Sky Captain and the World of Tomorrow,8865,8865.0,2025-12-13 19:43:56,4
589,80,"Nutty Professor, The",2136,,2025-10-11 02:15:19,9
590,81,Star Wars: Episode IV - A New Hope,260,260.0,2025-12-24 20:02:53,2
591,81,"Crying Game, The",1094,1094.0,2026-04-13 02:29:14,4
592,82,Into the Wild,55247,55247.0,2025-10-26 18:00:58,2
593,82,Home Alone,586,586.0,2025-11-12 18:39:00,3
594,82,Daylight,798,798.0,2026-07-02 03:59:32,9
595,82,Logan,168252,168252.0,2025-12-12 23:12:13,8
596,82,Cocoon,2407,2407.0,2026-07-19 13:28:43,9
597,82,Dave,440,440.0,2026-06-29 05:15:51,3
598,82,CB4 - The Movie,6025,6025.0,2026-04-07 16:01:58,1
599,82,Atomic Blonde,173941,173941.0,2026-08-04 18:26:59,1
600,82,Die Hard,1036,1036.0,2026-06-11 05:26:00,4
601,82,"Simpsons Movie, The",54272,54272.0,2026-05-14 15:35:42,2
602,82,Up,68954,68954.0,2025-11-11 03:58:36,3
603,82,History of the World: Part I,2301,,2025-09-24 03:13:59,7
604,83,Birdman: Or,112183,112183.0,2025-12-21 19:53:22,7
605,83,Dudley Do-Right,2828,,2026-06-22 01:50:16,6
606,83,Charlie's Angels,3977,3977.0,2026-01-04 09:03:32,7
607,83,Erin Brockovich,3408,3408.0,2026-02-07 12:28:29,1
608,83,"Painted Veil, The",49772,49772.0,2026-06-02 21:09:52,5
609,83,"Goofy Movie, A",239,239.0,2026-04-14 12:43:39,4
610,84,Keeping the Faith,3536,,2026-02-27 18:45:09,5
611,85,True Romance,555,,2026-02-04 03:57:50,4
612,85,One Flew Over the Cuckoo's Nest,1193,1193.0,2026-02-19 00:13:50,2
613,85,Lethal Weapon 3,2002,,2026-01-28 10:27:59,4
614,85,"Rocketeer, The",2094,,2026-04-17 19:05:55,10
615,85,"Day of the Doctor, The",106642,106642.0,2026-05-28 22:17:46,1
616,85,Life of Pi,97938,97938.0,2026-03-28 19:07:45,2
617,85,To Kill a Mockingbird,1207,,2026-02-26 20:25:17,10
618,86,Million Dollar Baby,30707,,2026-03-18 17:24:46,7
619,86,Saw VI,72129,72129.0,2025-09-22 19:15:30,8
620,86,,69757,,2026-07-11 22:32:10,7
621,86,Welcome to the Dollhouse,562,562.0,2026-03-24 22:30:55,1
622,86,Die Hard: With a Vengeance,165,165.0,2025-12-20 14:46:03,8
623,86,Videodrome,6774,6774.0,2025-12-11 16:39:35,3
624,86,Get Shorty,21,21.0,2025-10-20 08:01:27,5
625,86,Doctor Zhivago,2067,2067.0,2026-04-07 23:11:07,4
626,86,"Hitch Hikers Guide to the Galaxy, The",26444,,2026-07-08 11:07:21,7
627,86,"Man in the Iron Mask, The",1801,1801.0,2025-12-05 02:17:44,10
628,86,Spider-Man,5349,5349.0,2026-06-09 05:58:20,8
629,86,Seven,47,47.0,2026-05-26 12:13:16,1
630,87,She's Out of Control,4663,4663.0,2026-07-11 23:48:57,2
631,87,Ace Ventura: When Nature Calls,19,19.0,2025-10-14 09:56:14,4
632,87,Love at First Bite,26429,,2026-01-18 11:30:56,9
633,87,Big,2797,2797.0,2026-05-25 19:31:14,2
634,87,"Fugitive, The",457,457.0,2026-03-02 03:52:28,8
635,87,Double Jeopardy,2881,2881.0,2026-01-29 12:28:25,2
636,87,Gattaca,1653,,2026-06-23 18:41:13,8
637,87,Ace Ventura: Pet Detective,344,,2026-05-11 16:21:40,8
638,88,"Journey of Natty Gann, The",2077,,2025-10-11 02:08:09,2
639,88,Cinema Paradiso,1172,,2025-12-20 06:16:12,5
640,88,Fight Club,2959,2959.0,2026-06-27 07:29:17,1
641,88,Akira,1274,,2026-09-03 11:17:50,7
642,88,Wings of Desire,1211,1211.0,2026-06-14 11:15:37,2
643,88,Die Hard,1036,,2025-11-23 11:47:36,8
644,88,Eraserhead,3676,,2026-04-07 17:53:12,7
645,88,Mulholland Falls,707,,2026-07-09 00:02:17,6
646,88,"Boot, Das",1233,1233.0,2025-12-31 10:35:34,2
647,88,"Lord of the Rings: The Two Towers, The",5952,,2025-09-29 10:36:28,4
648,88,Night of the Living Dead,968,968.0,2026-01-03 01:27:42,3
649,88,"Truman Show, The",1682,,2026-05-07 21:44:43,6
650,89,Kill Bill: Vol. 2,7438,7438.0,2025-11-08 03:27:17,3
651,89,"Me, Myself & Irene",3752,,2026-05-29 12:06:22,7
652,89,Dinotopia,64167,64167.0,2026-02-15 09:40:24,5
653,89,Run Lola Run,2692,2692.0,2026-07-17 21:53:57,8
654,89,Hannah and Her Sisters,6993,6993.0,2026-03-26 08:36:03,1
655,89,"First Wives Club, The",830,,2026-07-30 08:47:54,10
656,89,Raising Arizona,1394,,2026-06-24 13:11:38,5
657,89,Rape Me,4390,4390.0,2026-01-06 20:41:21,2
658,89,Meet the Fockers,30825,30825.0,2025-10-06 10:20:48,4
659,89,No Reservations,54276,54276.0,2026-07-08 23:29:39,10
660,89,Troy,7458,,2026-02-06 16:08:49,9
661,89,Terms of Endearment,1958,,2025-09-15 10:00:28,3
662,89,Runaway Bride,2724,,2025-12-30 15:39:50,3
663,90,Hocus Pocus,2052,,2026-01-10 05:15:27,4
664,90,Up,68954,68954.0,2026-06-22 18:09:34,3
665,90,Insomnia,5388,,2026-03-24 06:35:40,6
666,90,Jumanji,2,2.0,2025-10-31 08:09:51,6
667,91,Batman Begins,33794,33794.0,2025-10-15 14:09:07,4
668,91,"Angus, Thongs and Perfect Snogging",62718,62718.0,2026-07-27 21:55:46,3
669,91,Tigerland,3950,,2026-05-21 12:37:09,7
670,91,"Net, The",185,,2026-04-15 07:28:54,8
671,91,Saw II,39446,39446.0,2026-04-07 05:32:42,3
672,91,Léon: The Professional,293,,2025-09-13 00:41:59,6
673,91,Troy,7458,,2025-11-26 15:38:43,10
674,91,Sin City,32587,32587.0,2026-02-27 06:56:10,3
675,91,"Nightmare Before Christmas, The",551,,2026-07-06 22:00:54,7
676,91,Palookaville,1112,1112.0,2026-02-07 04:37:29,4
677,91,Aeon Flux,37386,,2026-08-16 04:29:01,9
678,91,Vanilla Sky,4975,4975.0,2026-07-25 15:52:46,1
679,92,Howl's Moving Castle,31658,,2026-06-28 09:35:57,6
680,92,Witchfinder General,7650,,2025-11-26 01:29:21,7
681,92,Snatch,4011,,2026-08-05 20:47:19,9
682,92,5 to 7,134021,134021.0,2026-05-12 20:01:30,3
683,93,"Crouching Tiger, Hidden Dragon",3996,3996.0,2026-08-03 22:38:35,6
684,94,"Sitter, The",91323,,2025-11-13 04:08:30,3
685,95,Gone Baby Gone,55290,,2026-06-07 17:53:19,10
686,95,Knocked Up,52973,52973.0,2026-06-27 04:43:08,5
687,95,Varsity Blues,2447,,2026-08-09 02:04:37,5
688,95,"Party, The",4828,,2026-02-05 08:52:46,7
689,95,Machete,80219,,2026-04-28 15:23:03,8
690,95,Shaun of the Dead,8874,8874.0,2026-08-27 11:15:34,6
691,95,Jurassic Park,480,,2025-11-10 09:03:17,9
692,95,National Lampoon's Van Wilder,5283,5283.0,2026-04-27 11:25:55,4
693,95,"Manchurian Candidate, The",1267,,2026-07-23 05:54:58,10
694,95,Army of Darkness,1215,1215.0,2025-10-07 01:12:00,3
695,96,Raiders of the Lost Ark,1198,1198.0,2026-06-29 09:39:52,6
696,96,Death Proof,53519,53519.0,2026-06-06 09:07:54,6
697,96,Boys Don't Cry,2908,2908.0,2025-12-22 17:23:00,8
698,96,Frantic,4506,,2026-07-24 17:19:59,9
699,96,McHale's Navy,1445,1445.0,2026-03-26 13:58:06,7
700,96,"Abyss, The",1127,,2026-07-13 06:52:41,8
701,96,"House of the Spirits, The",469,469.0,2026-07-10 15:33:01,7
702,96,Pan's Labyrinth,48394,48394.0,2025-10-09 14:17:06,8
703,96,"Last Samurai, The",7143,,2026-05-15 02:13:52,10
704,96,Blade Runner,541,541.0,2025-12-21 01:26:12,7
705,96,"Patriot, The",3753,3753.0,2026-02-24 08:51:49,3
706,96,Evil Dead,101739,101739.0,2025-10-15 16:54:46,9
707,96,Seven,47,47.0,2026-01-22 03:38:48,5
708,96,Aliens,1200,,2026-01-15 10:50:07,7
709,97,Wayne's World,3253,3253.0,2025-09-22 19:15:37,2
710,98,Just Cause,257,,2025-09-17 17:08:24,6
711,98,Unlawful Entry,4354,,2025-09-24 23:40:55,6
712,98,Pale Rider,2401,,2026-01-05 17:32:48,5
713,98,Behind the Mask: The Rise of Leslie Vernon,54910,54910.0,2026-02-05 08:49:35,2
714,98,"Dark Knight, The",58559,58559.0,2026-01-26 03:12:27,3
715,98,Frequency,3510,,2025-10-30 15:29:03,8
716,98,Speed,377,,2025-12-06 16:05:19,10
717,98,Batman Begins,33794,33794.0,2026-05-05 20:28:48,1
718,98,"Third Man, The",1212,1212.0,2026-04-10 23:05:50,4
719,98,Roxanne,8623,8623.0,2026-05-15 10:52:45,4
720,98,Casablanca,912,,2026-08-31 17:30:02,5
721,99,Step Brothers,60756,,2025-12-26 16:53:55,9
722,99,"Maltese Falcon, The",8228,8228.0,2026-04-06 05:34:20,1
723,99,Heavenly Creatures,247,,2026-04-20 02:39:38,3
724,99,Red Dawn,3441,,2025-11-28 18:16:25,4
725,100,"Rookie, The",5267,,2026-05-22 16:50:03,9
726,100,While You Were Sleeping,339,,2026-07-11 00:36:04,5
727,100,Some Like It Hot,910,910.0,2026-08-01 04:37:38,10
728,100,He Got Game,1840,,2026-05-02 03:13:47,9
729,100,"Man Who Wasn't There, The",4881,,2026-01-15 20:43:56,7
730,100,Escape from L.A.,849,,2026-01-26 20:47:02,8
731,100,"Matrix, The",2571,,2026-05-25 17:08:02,6
732,101,Atlantis: The Lost Empire,4366,,2026-04-23 21:55:44,3
733,101,Fargo,608,608.0,2026-03-26 08:24:42,6
734,101,Rear Window,904,,2025-11-23 04:27:36,8
735,101,Ice Age,5218,5218.0,2026-07-02 09:05:31,5
736,101,Sexy Beast,4378,,2025-10-01 23:38:01,6
737,101,Blown Away,423,,2025-10-23 21:13:53,7
738,101,American History X,2329,2329.0,2025-12-17 16:53:36,7
739,102,"Man Who Wasn't There, The",4881,,2026-06-04 03:17:20,4
740,102,The Martian,134130,134130.0,2026-07-29 07:43:43,7
741,102,Gangs of New York,5956,5956.0,2026-03-21 07:37:53,3
742,102,Mystic River,6870,6870.0,2026-04-09 02:04:37,2
743,102,Back to the Future Part II,2011,2011.0,2026-06-09 10:48:59,3
744,102,Charlie Wilson's War,56788,,2026-04-14 01:18:53,4
745,102,Speed,377,,2025-10-29 12:27:57,9
746,102,Little Miss Sunshine,46578,,2025-10-21 21:16:30,9
747,102,Fight Club,2959,,2026-05-26 01:13:49,3
748,102,Far and Away,3259,3259.0,2025-09-19 11:29:21,5
749,102,"Shawshank Redemption, The",318,318.0,2025-09-08 13:37:35,1
750,102,Schindler's List,527,,2026-07-02 15:48:27,9
751,102,"Nutty Professor, The",788,,2025-12-06 16:32:32,9
752,102,Remember the Titans,3916,3916.0,2026-02-04 18:35:52,1
753,103,Mr. Brooks,53129,53129.0,2026-03-27 18:03:55,3
754,103,Persona,7327,7327.0,2026-03-24 06:36:33,2
755,103,25th Hour,5954,5954.0,2026-09-02 00:44:33,7
756,103,And Your Mother Too,5225,5225.0,2026-02-27 07:57:57,1
757,103,Stand by Me,1259,1259.0,2026-05-13 06:28:50,3
758,103,End of Days,3113,3113.0,2026-03-07 23:10:06,6
759,103,Star Wars: Episode IV - A New Hope,260,,2026-07-10 04:18:57,9
760,103,40 Days and 40 Nights,5151,,2026-04-20 02:53:54,4
761,103,Shaun of the Dead,8874,8874.0,2025-10-12 04:11:25,3
762,103,Blood: The Last Vampire,73488,,2026-08-21 03:55:54,3
763,103,Signs,5502,5502.0,2025-10-09 01:53:11,7
764,104,"Matrix, The",2571,2571.0,2026-03-04 08:24:50,6
765,104,Dune,2021,2021.0,2026-06-24 16:53:03,3
766,105,Problem Child 2,2799,2799.0,2026-08-08 05:49:42,1
767,105,Dawn of the Dead,7360,,2026-07-23 08:57:40,10
768,105,Hot Shots! Part Deux,466,,2025-12-25 14:13:24,9
769,105,Legend of the Guardians: The Owls of Ga'Hoole,80615,,2025-11-07 13:32:08,10
770,105,Shooter,51935,,2025-12-08 02:18:54,7
771,105,Predator 2,3697,,2026-06-03 05:18:13,7
772,105,"Monsters, Inc.",4886,4886.0,2026-07-10 04:45:22,4
773,105,"Italian Job, The",6378,6378.0,2025-12-30 09:01:15,4
774,105,"English Patient, The",1183,1183.0,2026-02-21 12:07:08,1
775,105,Sling Blade,1358,1358.0,2026-07-07 06:27:38,5
776,105,Star Trek: First Contact,1356,1356.0,2025-12-09 13:24:16,9
777,105,"Losers, The",77364,,2026-04-16 12:13:44,8
778,105,Air Bud,1592,,2026-07-10 23:06:27,6
779,105,Striptease,762,,2026-01-21 23:04:17,7
780,106,Batman Begins,33794,33794.0,2025-12-31 09:09:40,3
781,106,"Man Who Planted Trees, The",32657,32657.0,2026-03-17 02:24:22,5
782,106,Ed Wood,235,235.0,2025-12-24 15:46:10,4
783,106,Total Recall,2916,2916.0,2026-02-16 23:48:36,5
784,106,"Social Network, The",80463,,2025-10-13 03:46:54,4
785,106,"Goofy Movie, A",239,239.0,2026-02-15 11:40:48,1
786,106,Cradle 2 the Grave,6196,6196.0,2025-09-23 03:39:40,8
787,106,Stepmom,2432,,2026-06-19 06:31:41,9
788,106,Beauty and the Beast,595,,2025-09-09 14:24:39,6
789,106,Bandits,4844,,2025-11-09 00:53:36,4
790,106,Ocean's Eleven,4963,,2026-01-02 20:26:05,7
791,106,"Jungle Book, The",362,,2026-08-03 21:40:41,6
792,106,The Rabbi's Cat,117877,117877.0,2025-11-14 15:48:34,2
793,106,"Sixth Sense, The",2762,,2026-08-01 16:35:23,9
794,107,Rounders,2231,2231.0,2026-01-27 02:30:18,6
795,107,Armageddon,1917,1917.0,2026-03-31 09:21:35,6
796,107,Schindler's List,527,,2026-04-22 17:33:57,10
797,107,Kull the Conqueror,1606,1606.0,2025-12-16 12:43:48,1
798,107,Mystery Men,2723,2723.0,2026-04-19 09:22:10,4
799,107,Magnolia,3160,,2026-09-07 18:09:39,6
800,107,First Knight,168,168.0,2026-05-07 13:58:54,8
801,108,Back to the Future,1270,,2025-12-13 19:58:18,7
802,108,Kelly's Heroes,3836,,2026-03-19 12:51:03,10
803,108,Mission: Impossible - Ghost Protocol,91630,,2026-02-24 10:26:47,9
804,108,Back to the Future,1270,1270.0,2026-05-07 09:28:26,1
805,108,Good Will Hunting,1704,,2026-02-03 00:14:30,7
806,108,Things to Do in Denver When You're Dead,81,81.0,2026-03-19 14:47:05,3
807,108,"Twilight Saga: Breaking Dawn - Part 1, The",91104,91104.0,2026-02-19 09:15:10,1
808,108,Doc Hollywood,7101,,2026-08-22 01:21:51,8
809,108,Lost in Translation,6711,6711.0,2026-04-09 21:01:11,1
810,108,"Hobbit: The Desolation of Smaug, The",106489,,2026-02-11 16:49:36,10
811,108,"Dark Knight, The",58559,,2026-06-24 01:25:40,7
812,108,"Last King of Scotland, The",48738,48738.0,2026-02-08 16:11:28,1
813,109,Star Wars: Episode VI - Return of the Jedi,1210,1210.0,2026-09-05 01:10:46,4
814,109,Superman,2640,2640.0,2026-04-24 21:39:51,2
815,110,U-571,3555,3555.0,2025-09-17 11:29:26,1
816,110,Pulp Fiction,296,,2026-07-22 09:34:38,9
817,110,Road to Perdition,5464,,2025-11-15 14:37:27,9
818,110,Land of the Lost,69278,,2026-08-31 11:30:11,10
819,110,Robin Hood: Men in Tights,520,,2025-11-01 13:23:09,9
820,110,Body of Lies,62374,62374.0,2025-11-02 01:17:00,4
821,110,Eternal Sunshine of the Spotless Mind,7361,,2026-06-21 14:35:42,6
822,110,Central Intelligence,160271,160271.0,2026-02-15 23:53:18,2
823,110,"Bug's Life, A",2355,2355.0,2026-02-19 10:14:44,3
824,110,Stargate,316,,2026-04-07 04:03:24,10
825,110,"Chronicles of Narnia: The Lion, the Witch and the Wardrobe, The",41566,,2026-07-10 18:41:25,9
826,110,Super Troopers,5110,,2026-08-22 16:12:36,5
827,111,Beetlejuice,2174,,2026-06-18 07:14:04,7
828,111,"Dark Knight, The",58559,58559.0,2025-11-18 14:51:56,2
829,112,Sweeney Todd: The Demon Barber of Fleet Street,56757,,2025-10-05 22:19:44,9
830,112,Anaconda,1499,,2026-04-13 06:40:44,10
831,112,Mr. Holland's Opus,62,62.0,2026-06-01 05:19:24,1
832,113,Pretty Woman,597,,2026-06-26 12:37:49,5
833,113,Casper,158,158.0,2026-01-14 21:00:02,1
834,114,"Rainmaker, The",1672,,2025-09-20 03:42:10,10
835,114,Harry Potter and the Sorcerer's Stone,4896,4896.0,2026-01-03 13:14:14,1
836,114,Across the Universe,54190,,2025-09-15 19:10:17,8
837,114,Robin Hood: Prince of Thieves,1027,1027.0,2025-10-16 23:10:35,6
838,115,Pretty Woman,597,597.0,2026-04-09 11:57:29,2
839,115,Mr. Holland's Opus,62,,2025-12-17 20:57:55,3
840,115,Saving Private Ryan,2028,,2026-06-22 00:15:53,6
841,115,History of the World: Part I,2301,2301.0,2026-05-28 09:03:24,3
842,116,"Nightmare Before Christmas, The",551,551.0,2026-03-13 15:33:53,5
843,116,Percy Jackson & the Olympians: The Lightning Thief,74530,,2025-12-23 02:22:11,5
844,116,Walkabout,1419,,2026-04-28 14:40:41,7
845,116,Logan,168252,,2026-07-15 20:42:34,9
846,116,Fantasia,1282,1282.0,2025-10-16 11:23:29,4
847,116,Penguins of Madagascar,117851,,2026-01-04 11:44:27,6
848,116,Aladdin,588,588.0,2026-02-03 02:00:33,1
849,116,Fargo,608,,2026-06-24 21:19:25,5
850,116,Office Space,2502,,2026-05-14 18:06:11,10
851,116,"League of Extraordinary Gentlemen, The",6541,6541.0,2026-01-27 07:11:43,10
852,116,"Truman Show, The",1682,,2026-01-18 22:06:11,5
853,117,No Way Out,3505,3505.0,2025-11-18 21:26:49,1
854,117,Robin Hood: Men in Tights,520,520.0,2025-12-26 12:37:06,3
855,117,"Da Vinci Code, The",45447,45447.0,2026-04-25 11:34:47,4
856,117,Rogue One: A Star Wars Story,166528,166528.0,2026-02-27 05:13:01,2
857,117,What Lies Beneath,3798,,2026-05-05 02:47:19,10
858,117,"Last Samurai, The",7143,7143.0,2026-05-31 23:49:17,8
859,117,Bowfinger,2770,,2026-05-25 10:02:25,4
860,118,Machete,80219,,2025-10-19 15:04:08,6
861,118,Meet Dave,60516,,2025-09-24 02:06:08,5
862,118,Love and Basketball,3554,,2026-02-12 11:04:57,5
863,118,8 1/2,1251,,2026-02-13 22:17:24,10
864,118,Tombstone,553,553.0,2025-09-11 02:43:51,3
865,118,Muriel's Wedding,342,,2025-12-06 07:00:07,4
866,118,"Dude, Where's My Car?",4015,,2025-11-19 00:26:12,10
867,118,Sister Act,3247,,2026-01-03 19:30:40,8
868,118,"Center of the World, The",4256,,2025-10-30 06:57:29,9
869,118,Desk Set,6970,,2026-02-17 10:19:55,5
870,118,My Bodyguard,2240,2240.0,2026-02-02 09:48:19,3
871,119,Harry Potter and the Goblet of Fire,40815,40815.0,2026-01-28 04:49:04,3
872,119,"Paper, The",371,371.0,2026-07-27 20:25:26,4
873,119,Ocean's Eleven,4963,4963.0,2026-02-24 12:26:52,1
874,119,Dumb & Dumber,231,231.0,2026-04-03 13:09:47,6
875,120,"Grapes of Wrath, The",3095,3095.0,2025-12-06 07:58:27,7
876,120,Airplane!,2791,,2026-08-03 16:27:50,6
877,120,Monty Python Live at the Hollywood Bowl,6104,,2026-03-31 00:09:47,10
878,120,"Lord of the Rings: The Fellowship of the Ring, The",4993,4993.0,2026-01-31 10:51:37,2
879,120,"Lord of the Rings: The Return of the King, The",7153,,2025-10-29 14:47:16,9
880,121,"Three Billboards Outside Ebbing, Missouri",177593,,2026-04-22 05:08:51,8
881,121,Star Trek: Generations,329,329.0,2026-07-23 06:27:00,7
882,121,Mortal Kombat: Annihilation,1681,,2026-06-27 08:48:12,5
883,122,Sabrina,7,,2026-07-10 16:47:32,8
884,122,Three Men and a Baby,5308,5308.0,2026-07-23 01:28:42,1
885,122,Lara Croft: Tomb Raider,4367,,2025-11-27 02:48:34,8
886,122,"Matrix Revolutions, The",6934,6934.0,2026-08-07 12:20:40,4
887,122,I.Q.,252,252.0,2026-05-28 04:47:15,3
888,123,"Chronicles of Narnia: The Lion, the Witch and the Wardrobe, The",41566,41566.0,2025-09-17 12:41:48,2
889,123,Forrest Gump,356,356.0,2026-03-06 23:58:20,6
890,123,Léon: The Professional,293,,2025-11-25 13:04:17,7
891,123,"Sex, Lies, and Videotape",1186,1186.0,2026-08-25 11:36:31,6
892,123,Mary Shelley's Frankenstein,273,273.0,2026-02-04 18:06:22,8
893,123,"Doors, The",1093,1093.0,2025-11-02 17:38:07,7
894,123,Gandhi,1293,,2025-09-16 00:27:44,8
895,123,Inception,79132,,2026-06-21 18:50:12,7
896,123,Willy Wonka & the Chocolate Factory,1073,1073.0,2025-10-11 15:52:07,9
897,123,Braveheart,110,110.0,2026-02-07 00:16:42,3
898,123,Black Hawk Down,5010,5010.0,2026-01-11 06:57:01,6
899,123,Mystic River,6870,,2026-03-26 17:08:52,10
900,123,Troop Beverly Hills,4676,4676.0,2026-03-26 21:48:29,4
901,123,Buffy the Vampire Slayer,3264,3264.0,2026-08-06 07:11:01,2
902,124,Star Trek: The Motion Picture,1371,,2026-04-20 19:43:21,6
903,124,Cliffhanger,434,,2026-08-15 18:03:12,7
904,124,"Gods Must Be Crazy II, The",2151,2151.0,2026-04-12 14:37:11,2
905,124,Little Man Tate,4787,,2025-12-30 21:08:01,9
906,125,Toy Story,1,,2025-12-10 02:42:22,10
907,125,Anything Else,6750,,2025-11-21 21:21:13,6
908,125,Dumb & Dumber,231,231.0,2025-12-05 05:02:43,2
909,125,Witness,1674,1674.0,2026-02-15 04:46:47,9
910,125,"Dark Knight Rises, The",91529,,2025-12-17 16:52:25,9
911,125,"Seventh Seal, The",1237,1237.0,2026-08-20 14:53:29,2
912,125,Sin City,32587,32587.0,2026-02-14 11:50:55,3
913,125,"Social Network, The",80463,,2026-04-28 10:14:47,8
914,125,National Lampoon's Senior Trip,325,325.0,2026-03-28 09:25:59,10
915,126,Doctor Zhivago,2067,,2026-07-13 23:10:10,9
916,126,Heat,6,6.0,2025-10-06 07:09:51,7
917,126,Slumdog Millionaire,63082,,2025-11-08 14:21:18,5
918,126,"Bourne Supremacy, The",8665,8665.0,2026-01-16 08:04:33,1
919,126,"Hobbit: An Unexpected Journey, The",98809,98809.0,2025-11-28 05:36:46,9
920,126,Hotel Rwanda,30749,30749.0,2025-11-21 05:40:20,5
921,126,Mulan,1907,,2025-10-02 15:25:14,7
922,126,"Karate Kid, Part III, The",2422,2422.0,2026-02-10 15:34:21,2
923,126,Bridget Jones: The Edge of Reason,8969,8969.0,2025-12-26 06:41:54,9
924,126,Surviving Christmas,8946,8946.0,2025-10-22 10:25:10,2
925,126,Apt Pupil,2320,2320.0,2026-03-01 12:25:17,2
926,126,Rashomon,5291,,2026-06-23 11:13:59,6
927,126,Homeward Bound: The Incredible Journey,1015,,2026-06-24 21:44:45,7
928,127,"Jerk, The",2109,,2026-02-27 22:52:42,8
929,127,"Passion of the Christ, The",7318,,2026-01-21 21:51:36,6
930,128,"Cruel Romance, A",5889,5889.0,2026-08-05 20:46:29,6
931,128,Harry Potter and the Half-Blood Prince,69844,69844.0,2026-05-01 15:22:23,3
932,128,Stranger than Fiction,46976,,2026-06-10 17:52:11,6
933,128,Once Upon a Time in America,1227,,2026-04-21 18:26:25,5
934,128,"English Patient, The",1183,1183.0,2025-12-31 21:43:03,6
935,129,Bad Boys II,6548,6548.0,2026-05-26 18:23:44,10
936,129,Intolerance: Love's Struggle Throughout the Ages,7243,,2025-12-05 08:46:15,6
937,129,Horrors of Spider Island,4051,,2026-06-15 01:14:07,8
938,129,Gran Torino,64614,,2026-08-03 03:55:12,10
939,129,"Ring, The",5679,5679.0,2025-09-27 08:09:10,4
940,129,Amadeus,1225,1225.0,2026-06-29 14:03:34,1
941,130,"Bucket List, The",56587,56587.0,2026-06-03 00:49:42,6
942,130,"Incredibles, The",8961,8961.0,2026-07-24 11:05:46,9
943,130,Full Metal Jacket,1222,1222.0,2025-12-18 17:17:42,5
944,130,Hidalgo,7324,7324.0,2026-05-22 03:46:44,7
945,130,"Nightmare on Elm Street 2: Freddy's Revenge, A",1969,,2026-04-10 13:19:07,5
946,130,Ant-Man,122900,122900.0,2026-01-24 15:30:38,3
947,130,Leap Year,73319,73319.0,2026-08-24 10:54:57,1
948,130,Indiana Jones and the Last Crusade,1291,1291.0,2025-12-07 08:34:09,6
949,130,Shutter Island,74458,,2026-03-16 06:09:57,9
950,130,Spy Kids,4232,,2026-04-01 08:22:31,7
951,131,Divergent,108190,108190.0,2026-04-23 10:58:51,9
952,131,Ghost Dog: The Way of the Samurai,3328,3328.0,2026-03-25 21:34:51,4
953,131,Edge of Tomorrow,111759,111759.0,2026-01-07 11:48:42,6
954,131,Willy Wonka & the Chocolate Factory,1073,1073.0,2026-08-10 14:49:34,7
955,132,Hot Rod,54256,54256.0,2026-02-28 17:07:03,3
956,132,Block Party,43708,,2026-03-28 07:52:15,8
957,132,Snow White and the Seven Dwarfs,594,594.0,2026-01-03 14:41:14,1
958,132,"Adjustment Bureau, The",84954,,2026-01-27 15:33:07,8
959,132,Red Dawn,3441,,2026-04-04 11:18:59,9
960,132,"Pianist, The",5995,5995.0,2026-04-20 19:36:22,2
961,132,Serendipity,4823,4823.0,2026-07-18 07:17:26,8
962,132,Ernest & Célestine,108540,108540.0,2025-10-18 21:57:01,2
963,132,Being John Malkovich,2997,,2025-10-22 21:22:43,5
964,132,Twins,4558,,2026-05-11 19:16:52,6
965,133,Predator,3527,3527.0,2025-09-13 12:50:45,3
966,133,Village of the Damned,2553,2553.0,2025-10-25 00:33:04,1
967,133,Logan,168252,,2026-08-04 20:45:09,2
968,133,"English Patient, The",1183,1183.0,2025-10-25 13:10:10,6
969,133,Shallow Hal,4890,,2026-07-30 03:10:05,8
970,133,Love & Mercy,134881,134881.0,2025-11-30 21:02:28,9
971,133,Notting Hill,2671,2671.0,2025-10-24 10:33:47,2
972,133,Milk Money,276,276.0,2025-10-29 20:21:08,6
973,133,"City of Lost Children, The",29,29.0,2026-05-17 16:55:07,3
974,133,"Man in the Iron Mask, The",1801,,2026-04-17 21:23:08,1
975,133,"Star Is Born, A",3217,,2026-06-17 14:18:28,2
976,133,Sleeping Beauty,2096,,2026-06-19 07:18:45,10
977,133,Ninja Scroll,6857,6857.0,2025-10-24 02:35:31,1
978,133,Million Dollar Baby,30707,30707.0,2025-10-22 13:38:32,4
979,134,Enchanted,56152,,2025-09-10 06:09:08,9
980,134,"Life and Death of Peter Sellers, The",31162,,2026-09-05 03:47:41,10
981,134,Crimson Tide,161,,2026-03-14 07:23:25,10
982,134,I Know Who Killed Me,54274,,2026-08-20 06:49:22,8
983,134,"Clockwork Orange, A",1206,,2026-08-14 19:28:54,9
984,134,"Misfortunates, The",71867,,2025-11-02 18:28:23,10
985,135,Snake Eyes,2126,,2026-05-20 16:18:48,2
986,135,Casper,158,158.0,2026-03-17 05:25:53,7
987,135,"Rocketeer, The",2094,2094.0,2026-08-09 09:40:10,5
988,135,Bushwhacked,212,,2026-08-29 02:52:16,7
989,135,Mr. Nice Guy,1858,,2026-03-29 10:27:59,2
990,135,"Honey, I Shrunk the Kids",2054,2054.0,2026-07-18 19:23:19,5
991,136,Stardust,54259,54259.0,2025-09-24 21:11:09,1
992,136,Source Code,85414,85414.0,2026-08-25 07:13:12,4
993,136,"Lookout, The",52241,52241.0,2026-01-12 12:22:16,9
994,136,Taxi Driver,111,111.0,2025-11-14 22:49:27,1
995,137,Unforgiven,1266,1266.0,2025-10-23 09:57:02,4
996,137,"Name of the Rose, The",2467,2467.0,2025-12-29 02:43:17,3
997,137,Face/Off,1573,1573.0,2026-04-30 17:43:32,3
998,137,Sphere,1779,,2026-01-27 07:45:03,7
999,137,Pandorum,71135,,2025-10-03 02:08:33,5
1000,137,Stranger than Fiction,46976,46976.0,2026-05-12 04:48:44,4
1001,137,Casablanca,912,912.0,2026-06-13 12:51:28,8
1002,137,Air Force One,1608,1608.0,2026-02-16 23:00:18,7
1003,138,Like Water for Chocolate,265,265.0,2025-12-02 15:46:01,4
1004,138,Bedtime Stories,65088,65088.0,2026-03-21 22:36:44,1
1005,138,Tristram Shandy: A Cock and Bull Story,43460,43460.0,2025-11-15 17:01:34,8
1006,138,Kindergarten Cop,7004,,2026-06-08 18:27:31,8
1007,138,"Illusionist, The",47610,,2026-05-23 06:02:43,2
1008,138,"Good Morning, Vietnam",3448,3448.0,2025-11-12 06:24:15,8
1009,138,"Dark Knight Rises, The",91529,,2026-02-22 14:29:45,5
1010,138,Toy Story,1,1.0,2026-02-10 17:44:27,9
1011,138,Armageddon,1917,,2025-10-27 09:22:00,9
1012,138,Willy Wonka & the Chocolate Factory,1073,1073.0,2025-09-24 18:29:27,6
1013,138,Crocodile Dundee,2470,2470.0,2026-06-05 03:26:43,3
1014,138,"Nutty Professor, The",788,,2026-04-14 03:16:17,6
1015,138,Ocean's Eleven,4963,,2026-04-05 13:18:40,9
1016,138,Waking Ned Devine,2359,,2026-07-16 04:54:04,2
1017,139,"Pink Panther, The",6662,6662.0,2026-08-26 22:35:05,3
1018,139,"Breakfast Club, The",1968,1968.0,2026-07-28 15:04:58,6
1019,139,"Sound of Music, The",1035,1035.0,2026-02-14 09:34:30,6
1020,139,Cast Away,4022,4022.0,2026-05-27 11:39:42,1
1021,139,My Cousin Vinny,2302,,2026-07-11 23:09:36,10
1022,140,"Boot, Das",1233,,2026-02-16 03:23:21,9
1023,140,O,4745,4745.0,2025-11-22 05:46:09,6
1024,140,Memento,4226,4226.0,2026-07-29 06:24:53,4
1025,140,Jurassic Park,480,480.0,2025-11-26 00:10:26,5
1026,140,Sweet and Lowdown,3129,3129.0,2026-01-02 03:07:06,9
1027,140,Terminator Genisys,120799,120799.0,2025-09-25 02:46:56,8
1028,140,"Rock, The",733,,2026-03-20 20:29:12,7
1029,140,Midnight in Paris,86882,86882.0,2026-02-10 03:11:07,7
1030,140,Shoot 'Em Up,54999,,2025-10-09 10:31:02,9
1031,140,Harry Potter and the Goblet of Fire,40815,,2025-12-30 02:49:34,9
1032,140,U Turn,1627,1627.0,2026-05-12 01:17:25,4
1033,141,"Matrix Reloaded, The",6365,,2026-01-11 00:15:25,7
1034,142,Bambi,2018,,2026-08-05 23:09:00,4
1035,143,Saving Private Ryan,2028,,2026-01-21 19:34:11,3
1036,143,"Firm, The",454,,2025-10-18 05:35:06,10
1037,143,Pirates of the Caribbean: At World's End,53125,53125.0,2025-11-06 07:20:16,7
1038,143,This Boy's Life,6436,6436.0,2026-04-16 05:23:19,3
1039,144,Hector and the Search for Happiness,114678,114678.0,2025-12-30 20:43:14,3
1040,145,Out of Time,6862,6862.0,2026-02-06 16:22:41,6
1041,145,Lucy,111360,,2025-12-07 17:53:19,3
1042,145,"Fish Called Wanda, A",1079,,2026-05-19 22:19:21,10
1043,145,Formula 51,5678,5678.0,2026-02-11 17:55:54,7
1044,145,United 93,45210,,2025-09-23 15:48:48,9
1045,146,Scream,1407,,2026-05-24 04:15:26,7
1046,146,Déjà Vu,49278,49278.0,2026-05-19 15:04:55,3
1047,146,"Princess Bride, The",1197,1197.0,2026-01-25 00:20:45,8
1048,146,Caddyshack,3552,3552.0,2025-12-01 23:46:17,5
1049,146,"Wedding Singer, The",1777,,2025-10-08 10:01:13,1
1050,146,Rocky II,2409,2409.0,2025-12-06 08:18:51,5
1051,146,Meet the Fockers,30825,30825.0,2026-05-13 15:01:45,2
1052,147,"Ring, The",5679,5679.0,2025-09-30 11:36:36,2
1053,147,Dangerous Liaisons,2020,2020.0,2026-05-04 13:10:53,1
1054,147,Blue Crush,5524,5524.0,2026-05-06 08:54:27,7
1055,148,"Marriage of Maria Braun, The",31522,,2026-07-09 03:28:43,8
1056,148,My Best Friend's Wedding,1569,,2026-02-17 21:07:57,10
1057,148,Get Shorty,21,21.0,2026-08-10 18:02:05,10
1058,149,American Psycho,3535,,2026-06-26 04:57:03,9
1059,149,Whale Rider,6385,6385.0,2026-04-10 23:52:02,9
1060,149,"Girl, Interrupted",3186,3186.0,2026-03-11 01:42:41,7
1061,149,"Maltese Falcon, The",913,,2026-07-10 17:39:01,9
1062,149,Zoolander,4816,,2026-09-02 14:44:08,8
1063,149,Ex Machina,115713,115713.0,2026-02-22 18:39:49,7
1064,150,"Help, The",88810,88810.0,2025-12-11 05:26:51,4
1065,150,What's Eating Gilbert Grape,337,337.0,2026-05-19 20:09:39,3
1066,150,I Am Sam,5014,5014.0,2026-07-29 04:06:28,5
1067,150,Gone Girl,112556,,2026-06-03 18:10:56,10
1068,150,Hot Shots!,5541,5541.0,2026-05-27 03:44:30,6
1069,150,"Terminator, The",1240,,2026-03-12 21:24:40,2
1070,150,"Incredible Burt Wonderstone, The",101283,,2025-10-12 09:11:19,10
1071,150,Swordfish,4344,,2025-09-13 12:28:12,6
1072,150,GoldenEye,10,,2026-03-29 17:39:45,8
1073,150,"Matrix Reloaded, The",6365,6365.0,2025-10-08 22:39:25,9
1074,150,Captain Corelli's Mandolin,4727,,2025-10-29 20:53:44,4
1075,150,Ladyhawke,3479,,2026-04-01 18:21:15,3
1076,150,Watership Down,2138,,2025-11-11 18:55:36,10
1077,151,True Story,127136,127136.0,2025-11-03 07:39:00,1
1078,151,Dawn of the Dead,7387,7387.0,2026-04-14 08:28:10,2
1079,151,Song of the Thin Man,7835,,2026-08-31 23:01:39,9
1080,151,"Third Man, The",1212,,2025-12-05 16:22:17,9
1081,151,Despicable Me 3,172547,172547.0,2026-07-15 21:14:00,1
1082,151,Signs,5502,5502.0,2026-08-19 05:36:44,2
1083,152,Ice Age,5218,,2026-05-04 09:13:49,5
1084,152,Twisted,7321,7321.0,2026-05-12 23:38:15,1
1085,152,"Terminator, The",1240,1240.0,2026-06-17 22:03:57,2
1086,152,Notting Hill,2671,2671.0,2026-06-01 07:12:13,3
1087,152,Empire of the Sun,4103,4103.0,2025-12-30 14:08:53,2
1088,152,In & Out,1614,1614.0,2025-10-16 02:37:37,2
1089,152,Night at the Museum,46972,46972.0,2025-09-16 14:16:46,8
1090,152,Fist of Fury,4438,4438.0,2026-06-11 08:05:31,1
1091,153,"Star Is Born, A",3217,,2026-06-26 06:29:04,3
1092,153,Shakespeare in Love,2396,,2026-08-13 14:55:19,6
1093,153,L.A. Confidential,1617,1617.0,2026-08-11 16:49:33,1
1094,153,Minority Report,5445,,2026-01-18 11:23:51,8
1095,153,Them!,2287,,2026-06-09 00:15:52,10
1096,153,Hollywood Homicide,6484,,2026-09-05 11:41:16,10
1097,153,Captain Horatio Hornblower R.N.,3406,,2025-09-14 13:37:21,5
1098,153,"Waterboy, The",2335,,2026-01-13 00:33:13,6
1099,153,Hannibal,4148,4148.0,2025-10-02 18:24:57,4
1100,153,Class,2241,2241.0,2026-03-03 18:21:11,6
1101,153,All About Eve,926,926.0,2025-11-29 09:41:49,1
1102,154,Get Shorty,21,,2026-04-21 02:50:30,9
1103,154,Batman,592,,2025-09-27 11:23:00,5
1104,154,Silver Linings Playbook,97921,,2026-04-17 22:07:56,2
1105,154,"Lives of Others, The",44555,44555.0,2026-09-06 08:31:40,4
1106,154,Syriana,40583,40583.0,2026-07-22 09:11:34,1
1107,154,Brazil,1199,,2025-09-30 09:08:27,8
1108,154,To Kill a Mockingbird,1207,,2026-09-02 10:43:21,10
1109,154,Ivan's Childhood,32892,32892.0,2026-01-04 12:42:51,7
1110,154,"Three Burials of Melquiades Estrada, The",41863,41863.0,2026-04-29 04:42:53,5
1111,154,U.S. Marshals,1792,,2026-01-05 04:50:22,10
1112,154,Basic Instinct,1092,1092.0,2026-06-11 14:05:38,1
1113,154,Sleeping Beauty,2096,,2025-09-18 10:46:14,3
1114,154,"Postman, The",1726,,2026-01-29 18:07:10,9
1115,154,Punch-Drunk Love,5673,5673.0,2025-09-12 10:00:04,1
1116,155,My Cousin Vinny,2302,2302.0,2026-05-21 00:40:40,6
1117,155,"Thirteenth Floor, The",2672,2672.0,2026-05-31 09:39:59,7
1118,155,"Life of David Gale, The",6187,,2026-05-26 05:38:01,7
1119,156,Toy Story,1,1.0,2026-02-04 21:39:15,2
1120,156,"Hitchhiker's Guide to the Galaxy, The",33004,,2026-03-06 06:26:36,6
1121,156,Good Will Hunting,1704,,2025-11-09 11:01:42,10
1122,156,Dave,440,440.0,2026-02-18 15:56:27,3
1123,156,"Talented Mr. Ripley, The",3176,3176.0,2026-04-13 01:53:56,7
1124,156,101 Dalmatians,2085,2085.0,2026-05-24 10:54:18,3
1125,156,Death Race 2000,7991,,2026-01-31 02:49:10,8
1126,157,My Cousin Vinny,2302,2302.0,2026-03-28 10:27:22,1
1127,157,Close Encounters of the Third Kind,3471,,2025-09-28 20:13:47,10
1128,157,Harry Potter and the Prisoner of Azkaban,8368,8368.0,2025-11-20 03:51:35,2
1129,157,Predator,3527,3527.0,2026-06-22 01:12:58,1
1130,157,Dog Day Afternoon,3362,3362.0,2026-07-09 10:44:11,1
1131,157,Intouchables,92259,92259.0,2025-10-05 00:32:13,7
1649,220,Red Dragon,5630,,2026-03-24 15:29:26,10
1132,157,"Recruit, The",6059,6059.0,2025-09-25 16:06:04,7
1133,157,Sky Captain and the World of Tomorrow,8865,8865.0,2026-08-03 07:08:16,3
1134,157,"Adventures of Buckaroo Banzai Across the 8th Dimension, The",3070,,2026-07-26 08:06:30,5
1135,157,Mississippi Burning,4326,,2025-10-27 08:11:31,9
1136,157,Working Girl,2245,2245.0,2025-09-12 19:00:30,5
1137,157,Millennium Actress,6713,,2026-01-19 14:39:18,9
1138,157,Bulletproof Monk,6294,,2026-09-01 23:45:23,8
1139,158,"American Carol, An",62586,,2026-04-27 15:45:46,9
1140,158,L.A. Confidential,1617,,2025-09-22 12:51:05,9
1141,158,"Natural, The",3098,,2026-02-13 03:09:51,3
1142,158,Adventureland,67734,67734.0,2025-10-07 14:39:03,3
1143,158,"Few Good Men, A",2268,,2026-02-22 12:18:48,9
1144,158,How to Train Your Dragon,76093,76093.0,2026-09-08 08:05:01,2
1145,158,"Day the Earth Stood Still, The",64497,,2025-11-02 06:40:18,9
1146,158,"Simpsons Movie, The",54272,54272.0,2026-08-03 02:21:44,4
1147,158,Nell,282,282.0,2026-03-02 12:13:29,2
1148,159,You've Got Mail,2424,,2025-09-10 03:59:29,10
1149,159,"Sound of Music, The",1035,,2026-02-09 07:56:24,6
1150,159,Shrek,4306,4306.0,2026-05-07 21:28:46,7
1151,159,Wild Wild West,2701,2701.0,2026-08-16 19:33:50,4
1152,159,"Big Lebowski, The",1732,1732.0,2026-05-10 03:38:44,2
1153,159,American Beauty,2858,2858.0,2025-12-12 03:11:25,2
1154,160,Bedazzled,3968,,2026-05-19 21:15:08,9
1155,160,Hotel Rwanda,30749,,2025-09-14 11:04:47,7
1156,160,"Last Starfighter, The",8633,8633.0,2026-07-12 18:49:23,3
1157,160,Short Circuit,4545,,2026-04-09 16:47:51,7
1158,160,Titanic,1721,,2026-02-01 14:07:17,6
1159,160,Ip Man 2,79553,,2026-08-22 13:17:07,7
1160,160,You've Got Mail,2424,,2026-01-09 20:16:54,10
1161,160,Meet the Parents,3948,,2026-01-20 07:33:03,6
1162,160,Grease,1380,1380.0,2025-11-15 15:29:09,6
1163,161,Evita,1416,,2026-06-20 15:56:47,8
1164,161,"Dark Knight, The",58559,,2026-01-18 19:24:51,10
1165,161,Independence Day,780,780.0,2026-04-16 19:20:00,1
1166,161,Executive Decision,494,,2025-11-14 09:05:37,3
1167,161,Bob le Flambeur,5333,5333.0,2026-05-06 13:40:06,1
1168,161,Tokyo Decadence,6070,,2026-03-27 08:50:59,3
1169,161,Shallow Hal,4890,4890.0,2025-09-18 14:32:54,1
1170,161,Jesus Camp,47999,,2025-12-02 10:24:55,5
1171,162,Ice Age,5218,5218.0,2026-01-31 16:28:04,7
1172,162,Star Wars: Episode II - Attack of the Clones,5378,5378.0,2026-03-16 09:12:07,4
1173,162,The Jungle Book,137857,137857.0,2026-01-08 14:35:41,8
1174,162,X2: X-Men United,6333,6333.0,2026-04-10 18:02:50,1
1175,162,Broken Arrow,95,95.0,2026-06-26 08:36:33,6
1176,162,Yes Man,64969,,2026-05-21 23:56:35,3
1177,162,Silkwood,4809,4809.0,2026-01-06 05:20:56,2
1178,162,First Blood,2403,2403.0,2026-04-13 13:46:22,8
1179,162,Greenberg,74916,,2025-11-22 19:18:26,8
1180,162,Ace Ventura: Pet Detective,344,344.0,2026-08-04 13:44:03,8
1181,162,Best in Show,3911,3911.0,2026-09-07 17:59:08,6
1182,162,Pixel Perfect,182731,182731.0,2025-10-11 17:38:49,10
1183,162,Arlington Road,2707,,2026-05-24 20:32:46,1
1184,163,"X-Files: Fight the Future, The",1909,1909.0,2026-05-12 17:32:49,3
1185,163,Leaving Las Vegas,25,25.0,2025-10-20 09:42:59,5
1186,163,"City of Lost Children, The",29,,2026-02-26 15:27:01,8
1187,163,"Village, The",8783,,2025-11-12 04:48:12,7
1188,163,Dirty Rotten Scoundrels,4499,,2025-11-19 03:15:43,3
1189,163,My Cousin Vinny,2302,,2026-08-20 04:48:04,10
1190,163,Star Wars: Episode IV - A New Hope,260,260.0,2026-07-01 04:00:43,3
1191,163,Terminator 3: Rise of the Machines,6537,6537.0,2026-04-09 06:21:10,9
1192,163,Born in East L.A.,4089,,2026-01-08 18:51:22,8
1193,163,"Breakfast Club, The",1968,,2026-02-17 23:50:33,5
1194,163,Inspector Gadget,2720,,2026-03-31 00:15:45,5
1195,164,"Bank Job, The",58295,,2025-09-20 16:55:30,10
1196,164,"O Brother, Where Art Thou?",4027,4027.0,2026-08-13 13:11:34,2
1197,164,Forgetting Sarah Marshall,58998,,2026-02-16 05:52:50,8
1198,164,Pretty Woman,597,597.0,2025-12-13 11:02:20,5
1199,165,Better Luck Tomorrow,6288,6288.0,2026-07-18 15:34:36,9
1200,165,Mission: Impossible II,3623,3623.0,2026-02-05 17:28:37,1
1201,165,Sweet November,4155,,2026-08-16 07:10:31,8
1202,165,Star Wars: Episode I - The Phantom Menace,2628,2628.0,2025-11-12 02:45:44,1
1203,165,Fargo,608,,2026-09-02 16:04:33,4
1204,165,"Usual Suspects, The",50,,2026-02-24 15:40:18,8
1205,165,The Amazing Spider-Man 2,110553,110553.0,2025-12-03 10:13:17,3
1206,165,Captain Phillips,105504,105504.0,2026-03-16 15:25:08,2
1207,165,Duck Soup,1256,1256.0,2026-01-05 16:34:45,4
1208,165,Eternal Sunshine of the Spotless Mind,7361,,2026-07-02 13:09:28,8
1209,165,Finding Nemo,6377,6377.0,2026-06-14 20:17:51,8
1210,166,"Mummy Returns, The",4270,4270.0,2026-01-09 12:30:23,4
1211,167,The Scorpion King,5313,,2026-05-20 17:02:55,7
1212,167,X-Men: Apocalypse,122924,122924.0,2026-06-13 05:06:05,8
1213,167,Thirteen,7285,,2025-10-12 04:25:56,8
1214,167,"Fugitive, The",457,457.0,2026-05-18 04:18:19,3
1215,167,Avatar,72998,,2026-01-23 05:51:06,7
1216,167,"Perks of Being a Wallflower, The",96821,96821.0,2026-06-14 01:39:02,5
1217,167,"Game, The",1625,,2026-06-25 02:50:08,7
1218,167,Indiana Jones and the Temple of Doom,2115,2115.0,2026-03-22 05:04:50,1
1219,167,"Amazing Spider-Man, The",95510,95510.0,2025-10-16 00:15:21,3
1220,167,"Hitchhiker's Guide to the Galaxy, The",33004,33004.0,2026-07-24 11:52:46,7
1221,167,Dirty Dancing,1088,1088.0,2026-08-14 05:22:38,4
1222,167,Wreck-It Ralph,97913,97913.0,2025-10-01 19:25:11,4
1223,167,"Circus, The",3306,,2026-04-04 22:44:46,5
1224,167,Fury,115210,115210.0,2025-09-28 22:46:29,8
1225,168,"Dukes of Hazzard, The",34520,34520.0,2025-12-23 06:55:51,8
1226,168,To Die For,45,,2025-09-09 21:06:29,10
1227,168,Wild Things,1805,1805.0,2026-06-07 08:59:08,4
1228,168,Memoirs of a Geisha,41571,41571.0,2026-05-03 08:56:16,2
1229,168,Iron Man,59315,59315.0,2026-01-13 07:29:40,8
1230,168,For Love of the Game,2861,,2026-08-16 23:37:29,7
1231,168,Final Fantasy: The Spirits Within,4446,4446.0,2025-09-29 16:27:37,5
1232,169,Trading Places,3039,,2025-11-10 16:44:59,8
1233,169,Dead Poets Society,1246,1246.0,2025-10-30 05:01:52,7
1234,169,Austin Powers: The Spy Who Shagged Me,2683,,2025-09-10 13:09:40,10
1235,169,Waterworld,208,,2026-09-06 21:02:44,8
1236,169,Eraser,786,,2026-04-12 23:34:22,9
1237,169,Mr. Deeds,5449,,2026-03-08 21:39:14,8
1238,169,"Island of Dr. Moreau, The",880,,2026-05-07 19:53:24,7
1239,169,The Neon Demon,155064,,2026-08-28 10:09:24,9
1240,169,Twelve Monkeys,32,32.0,2026-04-09 20:21:14,5
1241,169,Scooby-Doo 2: Monsters Unleashed,7369,,2026-04-20 06:00:56,6
1242,170,Beverly Hills Cop III,420,420.0,2026-02-25 05:20:54,2
1243,170,Identity,6323,,2026-08-04 15:04:28,9
1244,170,Iron Man 2,77561,77561.0,2026-07-26 23:12:53,1
1245,170,Bicycle Thieves,3089,,2025-12-06 04:58:22,9
1246,170,"Wackness, The",60293,60293.0,2026-07-14 11:52:20,6
1247,170,Center Stage,3594,,2025-11-09 13:09:30,9
1248,170,M,1260,,2026-02-13 02:19:52,6
1249,171,Stand by Me,1259,1259.0,2025-12-06 04:37:14,3
1250,171,Idiocracy,47997,,2025-11-08 04:09:07,6
1251,171,Best in Show,3911,,2025-10-26 16:27:34,7
1252,171,"Shadow, The",533,,2025-11-27 16:53:56,3
1253,171,Zombieland,71535,71535.0,2026-07-20 12:30:43,1
1254,172,Fantastic Four,34150,,2026-08-07 10:37:04,4
1255,172,"Sound of Music, The",1035,,2026-08-23 11:13:23,5
1256,172,Raiders of the Lost Ark,1198,,2026-07-19 14:48:35,6
1257,172,Ghost World,4641,,2026-02-19 10:03:10,10
1258,172,"Others, The",4720,4720.0,2026-05-05 18:38:47,1
1259,172,Invasion of the Body Snatchers,2664,2664.0,2025-10-02 10:44:37,1
1260,172,"Abyss, The",1127,1127.0,2025-10-13 07:52:09,7
1261,172,Gone with the Wind,920,,2025-12-05 17:26:17,10
1262,172,What Women Want,4018,4018.0,2026-01-10 07:31:43,5
1263,172,"I, Robot",8644,,2026-05-21 07:21:45,7
1264,172,Romancing the Stone,2406,2406.0,2025-10-15 15:06:58,1
1265,172,"Cabin in the Woods, The",93840,93840.0,2025-10-30 17:04:13,2
1266,172,Pan's Labyrinth,48394,,2026-04-11 02:23:21,5
1267,173,"Beautiful Mind, A",4995,4995.0,2025-12-25 20:38:44,3
1268,173,Easy A,80549,,2025-11-09 05:22:41,10
1269,173,Fearless,448,448.0,2026-05-11 14:49:20,4
1270,173,Persepolis,55442,,2026-05-30 07:48:56,9
1271,173,Batman,592,,2025-11-23 04:05:19,3
1272,173,Old Yeller,1012,1012.0,2026-04-02 13:32:24,1
1273,173,True Grit,82459,82459.0,2025-10-03 18:39:06,8
1274,174,Ringu,6242,6242.0,2026-05-21 03:58:11,8
1275,174,Strange Days,198,198.0,2026-02-28 06:49:36,7
1276,174,That's Entertainment,8998,,2026-03-06 00:56:06,10
1277,174,"Patriot, The",3753,,2025-12-26 22:19:50,7
1278,174,West Side Story,1947,1947.0,2026-08-19 18:05:30,6
1279,174,Borat: Cultural Learnings of America for Make Benefit Glorious Nation of Kazakhstan,48385,48385.0,2026-01-02 06:12:14,6
1280,174,"Manchurian Candidate, The",1267,1267.0,2026-04-02 17:36:49,3
1281,174,Dunston Checks In,87,87.0,2026-07-06 18:37:38,3
1282,174,Apollo 13,150,150.0,2026-03-25 23:40:14,7
1283,174,"Magnificent Seven, The",4327,4327.0,2026-08-14 10:08:15,3
1284,174,When Harry Met Sally...,1307,,2026-01-19 00:50:29,6
1285,174,Star Trek,68358,68358.0,2026-01-20 09:19:28,4
1286,174,Harry Potter and the Deathly Hallows: Part 1,81834,,2026-03-21 00:47:27,4
1287,174,Four Rooms,18,18.0,2026-08-27 08:40:48,1
1288,175,"Fly, The",2455,2455.0,2026-03-11 00:20:38,3
1289,175,Boogie Nights,1673,1673.0,2025-09-12 03:18:42,8
1290,175,Rush Hour 3,54648,,2026-01-15 03:22:47,10
1291,175,Inland Empire,49932,,2026-04-15 17:16:59,8
1292,175,Chopping Mall,2614,2614.0,2026-06-14 02:54:37,6
1293,175,What's Eating Gilbert Grape,337,,2025-10-04 01:34:28,8
1294,175,"Little Rascals, The",575,,2026-07-09 05:03:03,9
1295,176,"Princess Bride, The",1197,,2025-12-29 15:49:29,6
1296,176,"Man Who Came to Dinner, The",8331,,2026-08-07 01:06:27,8
1297,176,"A-Team, The",78469,78469.0,2025-12-09 23:51:30,5
1298,177,Three Wishes,201,201.0,2026-02-27 05:02:49,3
1299,177,Silent Running,5410,,2026-01-28 06:00:48,10
1300,177,Futurama: Bender's Big Score,56251,,2026-04-14 16:31:03,2
1301,177,"Extraordinary Adventures of Adèle Blanc-Sec, The",79895,79895.0,2026-06-15 06:08:53,7
1302,177,"Mask, The",367,367.0,2025-11-04 05:54:38,6
1303,177,Dr. Strangelove or: How I Learned to Stop Worrying and Love the Bomb,750,,2026-07-11 10:01:23,10
1304,177,21,58803,58803.0,2026-03-28 16:47:18,4
1305,177,Cold Mountain,7162,7162.0,2026-08-14 22:50:42,1
1306,177,Treasure Planet,5882,,2026-07-18 18:00:25,10
1307,177,Baby Boom,4080,4080.0,2026-03-28 10:51:59,9
1308,177,Barcelona,417,417.0,2025-10-06 21:27:11,5
1309,178,Alien: Resurrection,1690,,2026-08-07 07:35:58,7
1310,178,Sherlock Holmes: A Game of Shadows,91542,91542.0,2026-06-07 18:30:58,3
1311,178,National Lampoon's Van Wilder,5283,5283.0,2025-11-13 20:23:37,3
1312,178,"Road Warrior, The",3703,3703.0,2026-03-20 08:08:20,4
1313,178,Jackass Number Two,48322,48322.0,2026-01-27 22:54:25,5
1314,178,Outbreak,292,292.0,2026-03-30 03:46:07,5
1315,178,Trainwreck,134393,134393.0,2025-12-12 17:51:00,5
1316,178,"Officer and a Gentleman, An",4041,4041.0,2025-12-06 08:23:54,1
1317,178,"Way of the Dragon, The",4444,4444.0,2026-01-31 13:43:02,7
1318,178,X-Men,3793,3793.0,2025-12-31 06:08:09,6
1319,178,Batman Begins,33794,,2026-08-26 06:19:52,7
1320,179,Wallace & Gromit: The Wrong Trousers,1148,1148.0,2026-08-12 14:30:04,2
1321,179,"Net, The",185,185.0,2026-05-17 17:17:40,1
1322,179,Sleeper,1077,1077.0,2026-01-04 18:05:45,1
1323,179,Fantastic Voyage,3927,,2026-04-01 12:22:52,6
1324,179,Mean Girls,7451,7451.0,2026-08-23 17:47:21,6
1325,180,Batman Begins,33794,33794.0,2025-12-03 17:26:51,1
1326,180,2001: A Space Odyssey,924,924.0,2026-07-07 15:32:43,1
1327,180,Godzilla,1882,,2026-08-04 08:39:35,6
1328,180,Ghost in the Shell,741,,2026-03-02 07:30:05,8
1329,180,Miami Vice,47044,47044.0,2026-03-18 02:24:29,1
1330,180,Casablanca,912,,2026-05-18 09:40:52,6
1331,180,Outbreak,292,,2026-05-21 11:05:08,7
1332,180,Happy Gilmore,104,104.0,2026-06-30 00:08:39,5
1333,180,Raiders of the Lost Ark,1198,,2026-01-31 15:36:05,2
1334,180,Coming Home,3724,3724.0,2025-11-26 15:22:41,7
1335,180,Another Stakeout,415,,2026-08-09 18:18:50,3
1856,248,Coyote Ugly,3825,,2026-09-06 13:24:58,7
1336,180,Beauty of the Day,154,154.0,2026-09-08 04:57:17,3
1337,180,Hush,1798,,2026-05-28 16:37:23,4
1338,181,Blood Diamond,49530,49530.0,2026-04-18 16:00:34,8
1339,181,Firewalker,2477,2477.0,2025-10-21 08:58:32,7
1340,181,"Lion King, The",364,364.0,2026-08-27 08:36:42,4
1341,181,Valmont,5646,5646.0,2025-09-18 10:36:30,5
1342,181,"Outsiders, The",2114,2114.0,2026-07-23 20:37:39,4
1343,181,Bed of Roses,74,74.0,2026-06-09 21:52:47,4
1344,181,Fargo,608,608.0,2026-03-25 06:40:46,2
1345,181,Platoon,1090,,2026-02-18 17:31:10,8
1346,181,"Killer, The",1218,1218.0,2025-10-22 06:17:59,7
1347,181,Up,68954,,2026-06-07 07:21:16,8
1348,182,"Monsters, Inc.",4886,,2025-10-07 19:06:22,9
1349,182,Tommy Boy,333,,2026-04-14 09:36:03,6
1350,182,"Ring, The",5679,,2025-09-09 11:15:50,7
1351,182,Half Nelson,47423,,2026-07-29 08:25:50,7
1352,182,Modern Times,3462,,2026-07-14 19:08:54,10
1353,182,"Mask, The",367,,2025-12-04 04:25:00,7
1354,182,"Thin Red Line, The",2427,,2026-04-29 01:45:18,8
1355,183,Jaws,1387,1387.0,2026-05-09 11:06:49,4
1356,183,X-Men Origins: Wolverine,68319,,2026-08-30 22:28:23,3
1357,183,"Discreet Charm of the Bourgeoisie, The",6666,6666.0,2026-07-04 15:55:40,4
1358,183,E.T. the Extra-Terrestrial,1097,1097.0,2025-12-15 02:42:23,3
1359,183,xXx,5507,5507.0,2026-07-03 01:14:04,6
1360,183,Last Action Hero,485,,2026-06-25 00:13:20,6
1361,183,Full Metal Jacket,1222,1222.0,2026-07-10 01:04:05,10
1362,183,"Tailor of Panama, The",4234,,2026-01-05 16:59:08,7
1363,183,Rocky III,2410,2410.0,2026-02-28 01:30:44,9
1364,184,New York Stories,4628,4628.0,2025-10-15 17:25:49,5
1365,184,Predator,3527,3527.0,2026-05-03 10:11:29,9
1366,184,"Aristocats, The",616,,2026-04-30 03:00:15,9
1367,184,Love Actually,6942,,2025-12-22 05:33:49,10
1368,184,Saw II,39446,,2026-03-01 15:33:14,9
1369,184,Memento,4226,4226.0,2026-02-21 22:17:22,2
1370,184,Top Gun,1101,,2026-07-23 15:29:12,5
1371,184,Deadpool,122904,122904.0,2026-08-21 00:11:12,7
1372,184,"Great Escape, The",1262,,2026-07-17 22:52:39,2
1373,184,Elizabeth,2336,2336.0,2025-11-13 20:10:29,6
1374,185,Sense and Sensibility,17,17.0,2025-10-18 01:32:54,3
1375,186,"Call, The",101360,,2026-09-03 10:31:51,9
1376,186,Young Guns,1378,,2025-11-25 18:55:16,10
1377,186,Ever After: A Cinderella Story,2125,2125.0,2026-09-01 02:51:46,7
1378,186,Dumb & Dumber,231,,2026-05-31 12:37:04,8
1379,186,Lethal Weapon,2000,2000.0,2026-09-04 05:49:13,8
1380,186,Rush Hour,2273,2273.0,2026-01-05 05:22:16,1
1381,186,Smilla's Sense of Snow,1480,,2026-02-15 13:35:12,4
1382,186,"Dark Knight Rises, The",91529,91529.0,2026-04-24 09:48:52,4
1383,186,The Devil's Advocate,1645,1645.0,2026-03-24 12:57:17,5
1384,186,Father of the Bride,934,,2026-07-08 06:23:10,10
1385,187,From Russia with Love,2948,,2026-01-08 18:37:00,5
1386,187,Stop Making Sense,2859,2859.0,2026-07-26 22:18:49,4
1387,187,Kelly's Heroes,3836,,2026-04-10 14:45:14,5
1388,187,Aladdin,588,,2025-09-26 12:28:27,4
1389,188,Broadcast News,2243,2243.0,2026-07-29 16:21:01,2
1390,188,Braveheart,110,110.0,2026-06-12 07:55:51,3
1391,188,Kazaam,810,810.0,2025-09-14 11:30:11,6
1392,188,Up,68954,68954.0,2026-01-17 01:52:40,4
1393,189,Reservoir Dogs,1089,1089.0,2025-10-24 11:12:26,3
1394,189,Slumdog Millionaire,63082,63082.0,2025-12-23 08:29:20,9
1395,189,Ready to Rumble,3511,3511.0,2025-09-27 17:55:40,2
1396,189,Terminator 2: Judgment Day,589,589.0,2025-11-21 16:26:40,5
1397,189,Braveheart,110,110.0,2026-04-21 13:33:25,2
1398,189,"Lock, Stock & Two Smoking Barrels",2542,2542.0,2025-09-13 01:37:45,7
1399,189,Fargo,608,608.0,2026-08-19 17:26:52,3
1400,189,Indiana Jones and the Kingdom of the Crystal Skull,59615,,2025-10-02 13:35:04,3
1401,189,Sideways,8949,8949.0,2026-02-04 12:51:14,4
1402,190,Spawn,1591,1591.0,2025-10-17 11:41:58,1
1403,190,"Lord of the Rings: The Fellowship of the Ring, The",4993,,2026-03-24 15:25:59,7
1404,191,Stand by Me,1259,1259.0,2025-09-11 19:11:35,7
1405,191,Spy Kids,4232,4232.0,2026-05-30 10:36:19,2
1406,191,Jules and Jim,2732,2732.0,2026-08-16 13:19:10,1
1407,191,"Scanner Darkly, A",27904,27904.0,2026-05-09 14:45:29,7
1408,191,Taken,59369,59369.0,2026-08-16 09:12:24,3
1409,191,Lovesick,132488,132488.0,2025-10-31 06:10:58,3
1410,191,Bowling for Columbine,5669,,2026-03-24 20:23:43,1
1411,191,Shaun of the Dead,8874,8874.0,2026-08-19 06:19:02,2
1412,191,First Blood,2403,2403.0,2026-06-02 00:04:23,6
1413,191,Dead Man Walking,36,,2026-08-04 09:59:49,10
1414,191,E.T. the Extra-Terrestrial,1097,,2026-08-02 11:50:08,8
1415,192,Aliens,1200,1200.0,2026-05-26 19:08:24,6
1416,192,Scarface,4262,,2026-04-25 02:37:13,4
1417,192,True Lies,380,380.0,2026-06-16 09:39:41,2
1418,192,Traffic,4034,4034.0,2026-05-06 11:33:42,8
1419,192,Bio-Dome,65,65.0,2025-11-24 08:02:45,10
1420,192,"Third Man, The",1212,1212.0,2026-03-12 20:55:59,4
1421,192,Joint Security Area,27397,27397.0,2025-11-07 23:31:13,3
1422,192,Dragonheart,653,653.0,2026-03-16 18:28:53,2
1423,192,I Origins,112804,112804.0,2026-05-18 19:24:38,5
1424,192,Chicken Run,3751,,2026-06-01 17:58:49,8
1425,193,Star Trek: Generations,329,329.0,2026-09-05 06:05:06,2
1426,193,Just Like Heaven,36525,,2026-06-29 13:50:02,10
1427,193,Short Cuts,535,,2026-04-08 03:03:55,4
1428,193,Kindergarten Cop,7004,7004.0,2025-10-27 03:22:45,4
1429,193,Jaws,1387,1387.0,2026-08-23 03:28:27,4
1430,193,Pay It Forward,3969,3969.0,2026-04-18 18:57:13,7
1431,193,Dead Alive,1241,,2025-11-06 20:52:41,5
1432,193,Donnie Darko,4878,4878.0,2026-08-02 18:06:29,7
1433,193,Red River,7070,7070.0,2026-08-26 02:12:54,1
1434,193,"Guns of Navarone, The",3654,3654.0,2026-01-23 17:55:55,7
1435,193,Thank You for Smoking,44195,44195.0,2026-05-24 18:49:37,1
1436,193,Source Code,85414,85414.0,2025-11-17 00:16:20,2
1437,193,"Education, An",71579,,2026-06-15 18:31:16,7
1438,193,Ong-Bak: The Thai Warrior,27801,27801.0,2026-04-29 19:04:49,1
1439,194,"Odd Couple II, The",1837,1837.0,2026-02-18 04:38:11,3
1440,194,What's Eating Gilbert Grape,337,,2026-05-14 16:56:53,8
2776,365,Apocalypto,48304,,2025-10-26 19:12:18,2
1441,194,Miami Vice,47044,47044.0,2026-06-22 00:13:40,5
1442,195,V for Vendetta,44191,,2026-07-23 18:38:55,6
1443,195,10 Cloverfield Lane,152077,,2025-12-13 22:58:49,9
1444,195,Mickey Blue Eyes,2805,2805.0,2025-11-04 23:59:05,7
1445,195,Shortbus,48744,48744.0,2025-10-15 14:54:02,6
1446,195,Hoosiers,3360,3360.0,2026-04-23 18:25:24,10
1447,195,District 9,70286,,2026-09-02 08:44:00,3
1448,196,Airplane!,2791,2791.0,2026-02-17 09:54:19,1
1449,196,Johnny Dangerously,5568,,2026-04-16 10:43:15,6
1450,196,Tears of the Sun,6213,6213.0,2025-10-30 09:06:34,1
1451,196,"Hudsucker Proxy, The",471,,2025-12-05 09:53:22,4
1452,196,Harry Potter and the Prisoner of Azkaban,8368,8368.0,2026-02-17 20:58:47,4
1453,196,Get Out,168250,,2026-09-04 12:53:33,9
1454,196,Beneath the Planet of the Apes,2530,,2025-11-08 08:33:07,5
1455,196,"Crying Game, The",1094,1094.0,2026-01-11 06:00:28,8
1456,196,"Equalizer, The",112171,112171.0,2025-09-26 17:57:38,3
1457,196,"Crouching Tiger, Hidden Dragon",3996,3996.0,2026-08-13 11:59:38,9
1458,197,Casino Royale,49272,49272.0,2026-08-26 10:48:17,3
1459,197,Murphy's Romance,3501,,2026-08-28 06:01:19,10
1460,197,Contraband,91842,91842.0,2026-06-22 13:09:44,2
1461,198,"Good, the Bad and the Ugly, The",1201,,2025-10-16 03:35:25,6
1462,198,Aladdin,588,,2025-11-01 23:27:38,3
1463,198,Diamonds Are Forever,3984,,2026-01-23 05:32:16,6
1464,198,Natural Born Killers,288,,2025-12-29 17:12:21,7
1465,198,Kingpin,785,,2025-10-11 06:34:47,10
1466,198,I Know What You Did Last Summer,1644,,2026-06-15 05:54:06,3
1467,199,"Lord of the Rings: The Return of the King, The",7153,,2026-05-30 15:05:35,9
1468,199,"Holiday, The",49286,49286.0,2026-03-18 14:48:41,6
1469,199,Heaven,5633,5633.0,2025-10-27 06:11:53,1
1470,199,Grease,1380,,2025-12-29 02:11:21,6
1471,199,Enron: The Smartest Guys in the Room,33154,33154.0,2025-12-26 03:58:14,2
1472,199,The Imitation Game,116797,,2026-01-16 08:43:11,10
1473,199,Eyes Wide Shut,2712,2712.0,2026-02-16 17:53:48,1
1474,199,"Silence of the Lambs, The",593,593.0,2026-01-07 14:31:10,1
1475,199,Wolf,382,382.0,2026-05-23 19:19:27,4
1476,199,Addams Family Values,410,,2026-01-08 06:16:51,8
1477,199,Toy Story,1,1.0,2026-08-24 02:37:54,5
1478,199,Gosford Park,5013,5013.0,2026-03-13 04:55:25,6
1479,199,One Tough Cop,2307,,2025-12-06 17:50:49,7
1480,199,Dallas Buyers Club,106100,106100.0,2026-06-19 19:10:16,9
1481,200,Memento,4226,4226.0,2026-07-20 02:15:11,2
1482,200,Gattaca,1653,1653.0,2026-07-22 06:31:33,1
1483,200,Bloody Sunday,5632,,2026-05-19 13:22:21,4
1484,200,Citizen Kane,923,,2026-08-03 21:22:56,10
1485,200,Apollo 13,150,,2026-04-01 01:21:09,2
1486,200,Remember the Titans,3916,,2026-06-29 16:00:29,8
1487,200,Modern Times,3462,,2025-10-19 08:09:44,9
1488,200,Alien³,1320,1320.0,2026-01-18 08:24:28,3
1489,200,"Karate Kid, Part III, The",2422,2422.0,2025-09-24 22:08:23,4
1490,201,Premium Rush,96417,,2026-03-17 13:08:10,10
1491,201,"Insider, The",3006,3006.0,2025-10-25 23:35:50,6
1492,201,SpaceCamp,4812,,2025-09-10 05:30:08,4
1493,201,Duck Soup,1256,,2026-05-20 01:22:13,7
1494,201,"Lost World: Jurassic Park, The",1544,,2026-08-28 16:51:33,10
1495,201,Angus,700,,2026-01-13 18:43:27,6
1496,201,Flightplan,37727,37727.0,2025-11-08 17:35:26,3
1497,202,Men in Black III,94777,,2026-05-24 19:54:02,9
1498,202,Tombstone,553,,2025-09-22 08:22:56,6
1499,202,"Truman Show, The",1682,1682.0,2026-01-10 10:04:12,6
1500,202,"Lives of Others, The",44555,44555.0,2025-11-23 04:37:21,1
1501,202,Dark City,1748,1748.0,2025-12-30 10:58:57,2
1502,202,Seven Samurai,2019,2019.0,2025-11-23 10:18:07,6
1503,202,"Hunchback of Notre Dame, The",783,783.0,2026-01-20 23:11:12,2
1504,202,Cool Runnings,1020,1020.0,2025-09-12 20:22:28,1
1505,202,"Godfather, The",858,858.0,2026-06-13 08:37:31,4
1506,202,"Godfather: Part II, The",1221,1221.0,2026-02-09 12:10:00,2
1507,202,Mission: Impossible II,3623,3623.0,2026-05-28 00:53:48,6
1508,202,"Haunting, The",2550,2550.0,2026-03-18 16:26:59,5
1509,202,Drift,108601,,2026-07-18 02:09:35,7
1510,202,"Sound of Music, The",1035,,2025-12-08 01:31:19,7
1511,203,"Phantom, The",761,,2026-03-24 14:03:26,5
1512,203,Harold and Kumar Go to White Castle,8807,,2026-03-06 18:34:32,10
1513,203,"Exorcist, The",1997,,2026-03-22 06:39:46,7
1514,203,"Silence of the Lambs, The",593,,2025-11-01 22:45:31,3
1515,203,One Flew Over the Cuckoo's Nest,1193,1193.0,2026-07-02 11:10:18,3
1516,203,Snake Eyes,2126,,2026-05-18 04:31:04,3
1517,203,"Terminator, The",1240,1240.0,2025-10-22 18:59:41,10
1518,203,Meatballs Part II,3041,3041.0,2026-02-09 18:33:42,5
1519,203,Dinosaur,3615,,2026-08-22 05:39:52,3
1520,203,"Decline of Western Civilization, The",3679,3679.0,2026-01-07 05:40:00,5
1521,204,Beauty of the Day,154,,2026-04-30 20:46:43,9
1522,204,Patriot Games,3256,3256.0,2025-11-23 20:42:27,1
1523,204,"Emperor's New Groove, The",4016,4016.0,2025-09-10 12:56:46,8
1524,204,Léon: The Professional,293,293.0,2026-01-02 20:11:41,9
1525,204,Farewell My Concubine,446,446.0,2026-07-04 15:54:47,9
1526,204,Clerks,223,,2026-07-20 05:22:50,6
1527,204,Now You See Me,102903,,2025-10-04 07:40:38,2
1528,205,Mission: Impossible II,3623,3623.0,2026-07-16 04:33:43,2
1529,205,Fargo,608,608.0,2026-08-27 01:11:21,3
1530,205,Shaun of the Dead,8874,,2026-08-08 09:38:51,9
1531,205,"Usual Suspects, The",50,50.0,2026-09-01 22:54:54,1
1532,205,The Flash 2 - Revenge of the Trickster,151479,,2025-10-24 02:01:08,3
1533,205,"Virgin Suicides, The",3556,3556.0,2026-01-30 03:19:46,8
1534,205,Splash,2100,2100.0,2026-01-13 16:28:48,5
1535,205,Wallace & Gromit: The Best of Aardman Animation,720,720.0,2026-03-01 10:03:19,2
1536,205,Predator,3527,3527.0,2026-04-23 10:40:20,2
1537,205,Hotel Rwanda,30749,30749.0,2026-07-02 16:36:21,2
1538,205,Witness for the Prosecution,5008,,2026-02-14 04:14:44,3
1539,206,Narc,5959,,2025-11-03 18:51:05,6
1540,206,Ferris Bueller's Day Off,2918,2918.0,2026-02-04 21:13:17,1
1541,206,The Cobbler,130087,130087.0,2026-05-03 02:34:55,7
1542,206,Matilda,837,837.0,2026-01-05 04:55:16,7
1543,206,Big Fish,7147,7147.0,2025-11-04 19:31:29,1
1544,207,Star Wars: Episode IV - A New Hope,260,,2025-12-05 08:19:42,1
1545,207,Harry Potter and the Half-Blood Prince,69844,69844.0,2026-05-01 02:34:27,3
1546,207,Powaqqatsi,5643,,2026-08-25 22:37:28,7
1547,207,Clerks,223,223.0,2025-09-14 00:21:09,3
1548,207,Made in America,489,,2026-06-26 09:47:38,7
1549,207,Revolutionary Road,65130,65130.0,2026-07-16 18:29:01,8
1550,207,No Small Affair,2257,2257.0,2026-02-24 13:36:19,6
1551,207,Austin Powers in Goldmember,5481,,2025-10-28 14:10:44,7
1552,207,For the Birds,95858,95858.0,2026-07-17 01:24:13,2
1553,207,"Silence of the Lambs, The",593,593.0,2026-02-15 21:52:01,9
1554,207,Benny & Joon,1441,1441.0,2026-03-31 05:01:24,2
1555,208,"Clockwork Orange, A",1206,,2026-05-21 04:18:45,7
1556,208,Jesus' Son,3747,3747.0,2026-08-03 20:07:47,6
1557,208,Man on Fire,7445,,2026-04-04 00:33:52,9
1558,208,Paycheck,7163,7163.0,2025-10-26 05:43:55,1
1559,208,Alien,1214,1214.0,2026-05-08 15:13:20,5
1560,208,Old School,6188,6188.0,2026-08-24 09:10:21,2
1561,208,GoldenEye,10,,2026-07-04 19:51:01,6
1562,208,Strictly Ballroom,1188,1188.0,2025-10-02 11:45:26,6
1563,209,"Lion King, The",364,364.0,2025-11-16 00:44:37,3
1564,209,Little Shop of Horrors,2746,2746.0,2026-08-18 16:11:54,8
1565,209,Lost in Translation,6711,6711.0,2026-05-13 08:15:42,4
1566,209,Batman: Mask of the Phantasm,3213,3213.0,2026-06-15 01:52:03,1
1567,209,Seven,47,,2026-03-27 00:08:48,2
1568,209,Can't Buy Me Love,4091,,2025-10-07 21:07:13,3
1569,209,Throw Momma from the Train,4333,,2026-05-17 11:06:50,6
1570,209,Phantasm III: Lord of the Dead,3838,3838.0,2026-04-17 23:49:28,3
1571,209,Twister,736,736.0,2025-09-29 16:37:27,8
1572,209,Young Guns,1378,,2026-06-02 09:34:49,6
1573,209,Junior,256,256.0,2026-03-22 18:55:32,9
1574,209,"Shawshank Redemption, The",318,,2026-06-16 17:44:52,10
1575,209,Day of the Dead,6731,6731.0,2026-01-08 03:30:23,2
1576,209,Sixteen Candles,2144,,2026-04-21 02:17:10,9
1577,210,Conan the Destroyer,5040,,2025-09-24 04:55:15,9
1578,210,"Killing Fields, The",1299,1299.0,2026-03-25 21:58:06,1
1579,210,Aladdin,588,,2025-12-16 00:13:36,4
1580,210,"Believer, The",5379,,2026-02-20 02:15:05,2
1581,211,New Year's Eve,91628,,2025-10-28 06:00:05,10
1582,211,Citizen Kane,923,,2025-09-21 10:06:14,9
1583,211,First Knight,168,168.0,2025-12-22 16:37:56,9
1584,211,Toy Story,1,1.0,2025-11-22 08:33:12,5
1585,211,Cloverfield,57368,,2026-01-14 15:09:05,8
1586,211,"Last Days of Disco, The",1836,1836.0,2026-07-11 09:34:21,8
1587,211,"Fisher King, The",3108,3108.0,2025-09-16 16:42:10,6
1588,211,2001: A Space Odyssey,924,,2025-12-04 08:12:38,8
1589,211,Stargate,316,,2026-02-27 06:58:42,10
1590,211,Shaun of the Dead,8874,8874.0,2026-03-02 17:33:53,9
1591,211,Contact,1584,1584.0,2026-08-07 05:57:01,7
1592,211,One Hour Photo,5528,,2026-07-01 20:00:45,10
1593,211,"Wizard of Oz, The",919,919.0,2026-06-06 09:46:40,6
1594,212,Shakespeare in Love,2396,2396.0,2025-09-08 12:32:03,6
1595,212,"One, The",4887,4887.0,2026-06-09 17:30:02,6
1596,212,"Boot, Das",1233,,2025-12-06 11:22:02,8
1597,213,Con Air,1552,,2025-11-27 00:10:36,3
1598,213,Spy Hard,743,,2026-05-19 08:59:35,6
1599,213,"Usual Suspects, The",50,50.0,2025-10-24 13:03:19,1
1600,213,Jakob the Liar,2882,,2026-06-09 03:03:53,8
1601,213,Three Colors: Red,306,306.0,2026-05-15 13:24:07,4
1602,213,Force 10 from Navarone,3519,,2026-08-08 07:39:46,7
1603,213,Resident Evil: Apocalypse,8861,,2025-10-09 06:22:51,9
1604,213,"Client, The",350,,2025-09-09 16:50:19,6
1605,213,Air Force One,1608,1608.0,2026-02-14 18:27:57,1
1606,214,"Natural, The",3098,3098.0,2026-04-09 17:19:01,3
1607,214,Ed Wood,235,235.0,2026-08-06 13:48:26,6
1608,214,Dead Ringers,2551,,2026-07-08 16:21:40,5
1609,214,"Streetcar Named Desire, A",1104,,2026-05-07 15:52:26,8
1610,214,Heathers,1285,,2026-07-28 08:20:48,6
1611,214,Jurassic Park,480,480.0,2026-07-15 01:48:42,1
1612,214,"Quick and the Dead, The",303,303.0,2025-11-10 02:24:46,6
1613,214,Traitor,61352,61352.0,2026-04-25 17:00:59,6
1614,214,In Bruges,57669,57669.0,2026-03-29 00:54:58,1
1615,214,Superbad,54503,54503.0,2025-09-12 08:59:40,7
1616,214,"Wake Up, Ron Burgundy",50942,,2025-09-12 21:46:32,5
1617,215,Runaway,3937,3937.0,2025-11-30 12:39:58,1
1618,215,"Departed, The",48516,48516.0,2025-11-03 10:51:14,3
1619,215,"Lion King, The",364,364.0,2025-11-11 23:45:53,4
1620,215,28 Days Later,6502,6502.0,2025-12-11 00:20:21,1
1621,216,True Lies,380,380.0,2026-05-09 21:25:10,2
1622,216,Face/Off,1573,1573.0,2026-01-30 19:07:53,6
1623,216,"Dark Knight, The",58559,58559.0,2026-06-22 05:37:33,7
1624,216,Raiders of the Lost Ark,1198,1198.0,2026-06-08 00:33:19,9
1625,217,Splash,2100,2100.0,2026-07-20 17:59:59,4
1626,217,Captain America: Civil War,122920,122920.0,2026-07-16 07:57:16,9
1627,217,Pretty Woman,597,,2026-07-14 04:39:56,7
1628,217,Trading Places,3039,3039.0,2025-09-22 21:35:14,9
1629,217,Steve Jobs,136562,136562.0,2026-01-10 02:58:27,6
1630,217,Pushing Tin,2598,,2025-09-12 13:46:21,9
1631,217,2010: The Year We Make Contact,2311,2311.0,2025-10-16 14:22:35,5
1632,217,X-Men: The Last Stand,45499,,2026-07-27 21:23:39,5
1633,218,Das Experiment,5608,5608.0,2026-01-09 00:12:58,1
1634,218,Crimson Tide,161,161.0,2026-04-07 10:19:21,4
1635,218,Austin Powers: International Man of Mystery,1517,1517.0,2026-01-08 02:13:16,6
1636,218,Live Free or Die Hard,53972,,2025-12-13 00:06:31,5
1637,218,Good Will Hunting,1704,,2026-09-05 02:36:15,9
1638,218,Big,2797,,2026-05-02 23:26:25,10
1639,218,Toy Story,1,1.0,2026-04-06 02:51:36,4
1640,218,Groundhog Day,1265,1265.0,2026-04-26 02:13:19,2
1641,218,Coneheads,435,435.0,2026-08-10 08:26:47,1
1642,218,"Adventures of Tintin, The",90746,90746.0,2025-12-23 21:38:28,1
1643,219,"Fisher King, The",3108,3108.0,2026-03-13 03:47:50,2
1644,219,Kill Bill: Vol. 2,7438,7438.0,2026-04-27 16:54:56,1
1645,219,Speed,377,,2026-07-23 08:55:41,4
1646,219,Maverick,368,368.0,2025-11-23 07:30:32,2
1647,220,"Graduate, The",1247,1247.0,2026-02-15 18:25:30,1
1648,220,"History of Violence, A",37733,37733.0,2026-02-11 15:11:35,1
1650,220,Stage Door,25841,25841.0,2026-04-29 01:37:06,6
1651,220,Battlestar Galactica,27611,27611.0,2026-07-04 14:35:59,10
1652,220,"Chronicles of Narnia: The Lion, the Witch and the Wardrobe, The",41566,,2026-06-07 17:52:52,2
1653,220,Napoleon Dynamite,8376,,2026-05-16 05:04:20,6
1654,220,Up,68954,68954.0,2025-09-10 19:19:14,1
1655,220,Clear and Present Danger,349,349.0,2026-03-23 14:10:43,5
1656,220,"Band's Visit, The",57243,,2026-01-08 18:06:27,10
1657,221,Dead Man Walking,36,,2025-09-30 12:25:47,4
1658,221,Toy Story,1,,2026-07-01 19:43:12,1
1659,221,Philadelphia,508,508.0,2026-04-01 19:39:14,7
1660,222,Indiana Jones and the Last Crusade,1291,1291.0,2026-01-06 16:43:01,3
1661,222,She's All That,2485,,2026-07-21 06:05:13,4
1662,222,Thirteen,7285,7285.0,2026-06-20 23:15:50,10
1663,222,Runner Runner,105351,105351.0,2025-12-19 06:25:42,2
1664,222,"Bride of Frankenstein, The",1340,1340.0,2026-04-08 23:53:40,7
1665,222,"Aviator, The",30812,,2025-11-30 15:20:56,6
1666,222,Back to the Future,1270,1270.0,2025-12-24 17:41:06,9
1667,222,Machete,80219,80219.0,2026-04-30 21:39:32,1
1668,222,Network,3504,3504.0,2026-06-06 15:40:40,5
1669,223,"Princess Bride, The",1197,1197.0,2026-02-22 07:09:46,5
1670,224,No Country for Old Men,55820,55820.0,2025-10-09 18:09:35,8
1671,224,Addams Family Values,410,,2026-05-04 10:17:59,4
1672,224,Dragon Ball Z: Dead Zone,80083,,2026-05-23 00:34:38,9
1673,224,Inside Out,134853,134853.0,2026-03-19 12:35:14,5
1674,224,"Big Sleep, The",1284,,2026-08-11 21:14:53,4
1675,224,Dead Ringers,2551,2551.0,2026-05-27 14:52:39,3
1676,224,Ransom,832,832.0,2025-12-08 03:30:06,1
1677,224,Wedding Crashers,34162,,2026-06-06 22:44:10,9
1678,224,Terminator 2: Judgment Day,589,589.0,2026-08-20 01:59:39,5
1679,224,Mr. & Mrs. Smith,33679,33679.0,2025-10-01 19:01:32,6
1680,224,Bad Boys,145,,2026-02-21 00:32:10,10
1681,225,The Hunger Games: Mockingjay - Part 1,116823,116823.0,2026-06-05 14:15:20,1
1682,225,Wallace & Gromit: The Best of Aardman Animation,720,,2026-02-02 12:42:35,9
1683,225,Yojimbo,3030,3030.0,2026-06-23 18:26:01,10
1684,225,The Hunger Games: Mockingjay - Part 2,135133,,2026-05-06 23:13:24,7
1685,225,Big,2797,2797.0,2026-03-12 20:23:09,3
1686,225,"Frighteners, The",799,799.0,2026-09-06 05:50:55,2
1687,225,Birdy,3342,,2026-04-04 00:56:30,7
1688,225,Original Sin,4699,,2025-09-26 15:55:34,2
1689,225,Marie Antoinette,45880,45880.0,2025-09-29 00:24:25,4
1690,225,Lost in Space,1831,,2025-10-13 20:36:36,7
1691,225,Catch Me If You Can,5989,5989.0,2026-07-08 06:35:21,5
1692,225,Kalifornia,481,,2026-02-01 09:27:16,10
1693,226,Chicken Run,3751,,2026-07-20 00:11:56,8
1694,226,White Men Can't Jump,3263,3263.0,2026-08-28 14:00:04,1
1695,226,Assassination,2737,,2026-07-23 05:36:55,10
1696,226,"River Wild, The",376,376.0,2025-09-09 21:57:49,7
1697,226,Bulletproof,886,886.0,2026-04-17 15:30:55,6
1698,226,Almost Famous,3897,,2026-09-03 07:07:14,10
1699,226,Mulan,1907,1907.0,2026-05-16 20:28:05,5
1700,226,Pulp Fiction,296,296.0,2026-05-09 14:13:36,8
1701,226,Misery,3499,,2026-07-18 02:25:40,8
1702,226,Sudden Death,9,9.0,2026-01-20 21:39:25,9
1703,227,Under Siege,1385,1385.0,2026-09-08 03:01:58,1
1704,227,Love and Death,3814,,2026-05-07 10:11:40,8
1705,227,Best of the Best 3: No Turning Back,1170,,2026-08-26 21:56:20,2
1706,227,Mission: Impossible II,3623,3623.0,2026-01-31 00:23:53,1
1707,227,Pinocchio,596,,2026-05-30 06:41:47,5
1708,227,Vertigo,903,903.0,2026-01-23 08:10:34,1
1709,227,Father of the Bride Part II,5,5.0,2026-07-29 00:02:48,4
1710,227,Meet the Parents,3948,,2025-10-22 10:53:59,9
1711,228,American Pie,2706,,2026-06-05 15:12:11,5
1712,228,"Shawshank Redemption, The",318,,2025-12-27 19:27:55,10
1713,228,"Truman Show, The",1682,1682.0,2026-07-20 23:44:12,1
1714,228,Total Recall,2916,,2026-08-07 13:27:26,2
1715,228,Road Trip,3617,3617.0,2025-11-11 13:45:21,1
1716,228,Beavis and Butt-Head Do America,1405,1405.0,2025-10-25 13:23:54,3
1717,228,"Bourne Ultimatum, The",54286,,2026-05-27 18:17:39,3
1718,228,Star Wars: Episode III - Revenge of the Sith,33493,,2026-01-11 04:01:38,6
1719,228,Never Die Alone,7368,,2025-10-03 23:12:02,8
1720,228,Grand Canyon,2112,2112.0,2026-08-01 04:09:17,1
1721,228,Dumb & Dumber,231,,2026-05-12 10:54:47,10
1722,229,"Borrowers, The",1848,1848.0,2026-02-08 00:27:02,4
1723,229,Space Truckers,7988,,2026-05-17 08:55:40,10
1724,229,Indiana Jones and the Last Crusade,1291,1291.0,2025-09-16 04:34:37,10
1725,229,Bambi,2018,,2026-01-16 06:12:03,3
1726,229,Secondhand Lions,6753,6753.0,2026-01-16 22:46:36,2
1727,229,"Thomas Crown Affair, The",2764,,2026-04-14 12:24:20,10
1728,229,Terminator 3: Rise of the Machines,6537,,2026-01-23 16:36:20,8
1729,230,With Honors,450,450.0,2026-06-30 14:22:44,4
1730,230,Seven,47,47.0,2026-05-17 12:20:34,7
1731,230,"Sum of All Fears, The",5400,5400.0,2026-07-01 02:23:55,2
1732,230,Trapped in Paradise,7041,7041.0,2026-05-13 02:03:05,3
1733,230,"Matrix Reloaded, The",6365,6365.0,2026-05-16 01:39:59,4
1734,230,Mars Attacks!,1391,1391.0,2026-05-05 15:55:45,6
1735,230,Dead Man,714,714.0,2025-09-16 02:49:15,2
1736,230,Hard Candy,44974,44974.0,2026-05-29 06:31:26,5
1737,230,"Sixth Sense, The",2762,2762.0,2026-06-20 09:54:25,3
1738,230,Encounters at the End of the World,60333,,2025-10-26 18:19:19,5
1739,230,Stardust,54259,54259.0,2026-02-12 13:57:41,3
1740,230,Hulk,6534,6534.0,2026-05-14 23:31:44,5
1741,231,Tin Cup,852,852.0,2025-10-21 09:53:56,1
1742,231,"Best of Youth, The",7767,,2025-09-09 00:32:22,9
1743,231,There Will Be Blood,56782,,2026-05-23 13:19:47,8
1744,232,"Family, The",104925,,2026-07-15 10:38:46,10
1745,232,Scream 3,3273,3273.0,2026-04-13 12:29:54,2
1746,232,WarGames,6979,6979.0,2026-07-23 14:44:57,1
1747,232,Ultraviolet,43928,43928.0,2026-03-03 13:18:29,1
1748,232,Reversal of Fortune,4211,4211.0,2026-08-14 09:38:46,2
1749,232,Final Fantasy: The Spirits Within,4446,4446.0,2026-04-11 16:00:54,4
1750,232,"Firm, The",454,454.0,2026-08-30 04:45:45,1
1751,233,"Frighteners, The",799,799.0,2026-03-29 09:16:50,3
1752,233,"Usual Suspects, The",50,,2026-02-07 22:13:30,9
1753,233,Evil Dead II,1261,,2026-06-03 09:03:03,5
1754,233,Thank You for Smoking,44195,,2026-05-25 09:31:26,8
1755,233,Hocus Pocus,2052,,2025-12-21 04:22:36,6
1756,233,Don't Move,39516,39516.0,2026-03-15 00:22:31,2
1757,234,Your Highness,87529,87529.0,2026-05-08 02:06:50,7
1758,234,Master and Commander: The Far Side of the World,6947,6947.0,2026-03-26 07:18:42,6
1759,234,"Thomas Crown Affair, The",2763,,2026-08-12 09:35:51,10
1760,234,Get Shorty,21,21.0,2025-10-01 14:24:03,1
1761,235,Barefoot in the Park,2870,,2025-09-09 09:46:54,10
1762,235,I Know What You Did Last Summer,1644,,2026-02-18 16:30:44,6
1763,235,Drop Dead Fred,1126,,2026-02-23 05:30:20,8
1764,235,"Life Aquatic with Steve Zissou, The",30810,,2025-10-02 12:22:45,9
1765,235,Live Free or Die Hard,53972,,2025-11-18 09:55:37,10
1766,235,Quest for Fire,3036,3036.0,2025-09-27 18:53:10,4
1767,236,Beautiful,3912,3912.0,2026-01-16 00:58:28,7
1768,236,"Net, The",185,185.0,2025-12-23 17:46:26,7
1769,236,Congo,160,,2025-12-16 15:55:34,8
1770,236,Aliens,1200,1200.0,2026-07-21 23:52:39,1
1771,236,Suspiria,4437,4437.0,2026-01-29 18:49:20,3
1772,236,Coyote Ugly,3825,,2025-12-07 03:10:07,8
1773,236,Star Trek,68358,68358.0,2026-08-28 05:52:31,5
1774,236,I Heart Huckabees,8910,,2026-08-26 03:04:15,2
1775,236,Iron Man,59315,,2026-03-05 17:44:39,8
1776,236,"Bourne Ultimatum, The",54286,54286.0,2025-12-29 02:51:48,2
1777,237,Vertigo,903,903.0,2026-01-04 03:10:32,6
1778,237,"Adventures of Priscilla, Queen of the Desert, The",345,345.0,2025-11-04 00:01:06,2
1779,237,Sommersby,2875,,2026-04-26 21:09:11,9
1780,238,Predator,3527,3527.0,2026-07-13 06:02:08,3
1781,238,"Darjeeling Limited, The",55269,,2026-07-01 07:28:30,10
1782,238,Forrest Gump,356,356.0,2026-05-07 17:34:58,2
1783,238,Spy Kids,4232,4232.0,2026-09-03 23:00:51,2
1784,238,Tron,2105,,2026-05-03 16:02:51,10
1785,238,"Fugitive, The",457,,2026-04-19 21:41:26,8
1786,238,Corpse Bride,37729,37729.0,2026-01-03 03:35:26,5
1787,238,"Frighteners, The",799,799.0,2025-11-12 11:15:50,4
1788,238,Jurassic Park,480,,2026-04-04 00:34:02,2
1789,238,"Final Conflict, The",2790,,2025-09-26 15:16:13,7
1790,239,Shine,1357,,2026-02-25 06:52:30,4
1791,239,"Sixth Sense, The",2762,,2025-12-13 06:24:40,10
1792,239,Mulholland Dr.,170355,170355.0,2026-01-23 02:12:55,5
1793,240,Planet of the Apes,2529,2529.0,2026-07-24 18:11:32,7
1794,240,Jurassic Park,480,,2026-05-18 00:22:31,4
1795,240,King Kong,41569,41569.0,2026-04-28 00:31:55,10
1796,240,True Crime,2561,2561.0,2026-08-15 07:43:46,5
1797,240,Rumble in the Bronx,112,,2026-04-19 04:41:43,9
1798,240,Harry Potter and the Deathly Hallows: Part 1,81834,,2026-08-17 10:31:43,6
1799,240,Coneheads,435,,2026-05-28 15:16:45,2
1800,240,Shrek 2,8360,,2025-10-11 18:19:59,10
1801,240,V for Vendetta,44191,,2025-10-14 03:42:36,10
1802,240,3 Ninjas,4748,,2025-11-11 01:23:41,7
1803,240,"Motorcycle Diaries, The",8873,8873.0,2026-01-30 19:21:28,3
1804,240,Serenity,34405,34405.0,2026-02-18 12:54:08,6
1805,240,"Secret of NIMH, The",2139,2139.0,2026-06-15 09:49:39,6
1806,241,Dallas Buyers Club,106100,106100.0,2026-07-25 14:28:58,2
1807,241,Gattaca,1653,1653.0,2026-02-16 19:12:26,7
1808,241,Corpse Bride,37729,37729.0,2026-04-01 07:17:26,3
1809,241,Shoot 'Em Up,54999,54999.0,2026-03-23 04:12:02,3
1810,241,"Time Machine, The",5171,5171.0,2026-02-10 21:35:21,2
1811,241,Tron,2105,2105.0,2026-07-11 16:47:57,9
1812,241,Strictly Ballroom,1188,,2025-12-14 15:25:40,10
1813,241,Reservoir Dogs,1089,1089.0,2026-07-01 10:35:09,2
1814,241,One Fine Day,605,605.0,2026-06-27 14:51:40,10
1815,241,12 Years a Slave,105844,,2026-02-16 03:20:33,8
1816,241,"Young Victoria, The",68269,68269.0,2025-10-03 01:05:11,7
1817,241,FairyTale: A True Story,1654,1654.0,2026-07-22 07:57:12,7
1818,242,Unforgiven,1266,1266.0,2025-11-28 21:02:25,4
1819,243,Project X,93270,,2026-01-02 19:11:41,8
1820,243,Up Close and Personal,140,140.0,2026-04-17 08:31:18,8
1821,244,Train of Life,3003,,2026-07-07 06:20:29,8
1822,244,Six Days Seven Nights,1894,,2026-01-29 12:52:25,9
1823,244,Iron Man,59315,,2026-02-10 06:00:36,4
1824,244,Butch Cassidy and the Sundance Kid,1304,,2026-03-26 14:32:39,4
1825,244,Catch Me If You Can,5989,,2025-10-14 21:23:09,2
1826,244,Iron Eagle,2815,2815.0,2026-09-08 05:32:42,1
1827,244,Nick of Time,89,,2026-03-15 17:38:53,4
1828,244,Charade,911,911.0,2026-02-26 21:33:55,7
1829,244,Dumb & Dumber,231,,2026-07-09 08:35:44,7
1830,244,End of Days,3113,3113.0,2025-11-10 00:02:24,1
1831,244,There Will Be Blood,56782,56782.0,2026-03-17 17:30:08,2
1832,245,Dracula,1339,,2026-08-24 01:01:54,4
1833,245,Vertigo,903,903.0,2026-03-31 04:10:15,9
1834,245,"Hunt for Red October, The",1610,,2026-05-19 09:23:14,2
1835,245,GoldenEye,10,,2025-10-02 09:07:07,10
1836,246,District 9,70286,,2026-04-19 20:11:46,10
1837,246,Fallen,1754,1754.0,2025-11-04 01:15:38,3
1838,246,Free Willy,455,455.0,2025-09-16 12:40:07,1
1839,246,Dr. Strangelove or: How I Learned to Stop Worrying and Love the Bomb,750,750.0,2025-11-03 14:07:01,5
1840,246,Desperado,163,163.0,2026-06-27 02:39:25,10
1841,246,Ghostbusters,2716,,2025-11-06 18:34:21,8
1842,246,Mr. Holland's Opus,62,62.0,2025-10-01 17:50:29,4
1843,247,Mr. Blandings Builds His Dream House,8711,8711.0,2025-09-27 13:25:19,1
1844,247,Madagascar,33615,33615.0,2026-05-25 18:57:51,4
1845,247,Lady and the Tramp,2080,,2026-05-01 11:14:12,6
1846,247,"Wedding Date, The",31433,,2025-10-19 04:33:04,5
1847,247,Waterworld,208,208.0,2025-10-12 19:24:39,7
1848,247,28 Days,3534,,2026-08-13 09:51:54,9
1849,247,Serial Mom,532,532.0,2026-08-27 01:13:24,2
1850,247,Jobs,104303,104303.0,2025-12-31 22:43:41,3
1851,247,Craig Ferguson: Tickle Fight,181659,,2026-02-09 14:49:27,3
1852,247,Return to Oz,2093,2093.0,2026-07-14 10:39:12,8
1853,247,Blast from the Past,2496,2496.0,2025-09-18 12:03:16,6
1854,247,Nell,282,282.0,2025-09-19 18:47:07,2
1855,247,"20,000 Days on Earth",114066,114066.0,2026-01-13 13:09:39,7
1857,248,"War of the Roses, The",4681,,2025-10-22 22:45:38,3
1858,248,Tommy Boy,333,,2025-11-12 09:01:20,10
1859,248,Do the Right Thing,3424,3424.0,2026-01-26 20:39:12,1
1860,248,Date with an Angel,3393,,2026-06-21 23:24:13,4
1861,249,Power Rangers,169982,,2026-01-15 01:44:00,5
1862,249,"Abyss, The",1127,1127.0,2026-06-07 00:42:20,7
1863,249,Fargo,608,608.0,2026-06-13 05:20:02,6
1864,249,Burnt by the Sun,213,213.0,2026-06-22 23:07:38,4
1865,249,"Fish Called Wanda, A",1079,1079.0,2026-01-13 15:05:42,3
1866,250,"Green Mile, The",3147,,2026-06-12 22:35:53,9
1867,250,"Man Without a Face, The",491,,2025-09-25 11:12:24,8
1868,250,Leaving Las Vegas,25,25.0,2026-05-09 03:01:54,1
1869,250,Back to School,2416,2416.0,2026-02-16 01:11:55,8
1870,250,Sweet and Lowdown,3129,3129.0,2026-01-08 05:50:16,3
1871,251,Monty Python and the Holy Grail,1136,1136.0,2026-07-09 08:22:58,1
1872,251,"People vs. Larry Flynt, The",1120,,2026-01-06 06:36:19,7
1873,251,Village of the Damned,2553,2553.0,2025-12-08 10:24:12,2
1874,251,Mirrors,61262,,2026-01-05 01:48:09,2
1875,252,"Skin I Live In, The",89118,89118.0,2026-04-02 01:58:24,2
1876,252,Virtuosity,338,338.0,2026-01-26 15:29:33,6
1877,252,Pay It Forward,3969,3969.0,2026-02-23 17:50:15,9
1878,252,"Maze Runner, The",114180,114180.0,2026-02-25 19:13:06,3
1879,252,Grand Illusion,3134,,2025-10-03 21:05:41,4
1880,252,"Lost World: Jurassic Park, The",1544,1544.0,2026-07-28 22:51:45,2
1881,253,Amadeus,1225,1225.0,2026-01-07 09:14:04,4
1882,253,"Mask, The",367,367.0,2026-02-23 19:32:10,8
1883,253,Pride and Prejudice,7669,,2026-01-27 18:38:51,10
1884,253,Lone Star,800,,2025-12-08 09:37:54,6
1885,253,U2: Rattle and Hum,3142,3142.0,2025-12-13 02:23:58,2
1886,253,Best in Show,3911,,2025-11-26 16:30:52,10
1887,254,Die Another Day,5872,5872.0,2026-08-09 08:46:00,3
1888,254,"Shawshank Redemption, The",318,318.0,2025-09-23 17:32:25,7
1889,254,Goldfinger,2947,,2026-06-09 08:53:31,10
1890,254,Indiana Jones and the Temple of Doom,2115,,2025-09-30 01:33:11,6
1891,254,Austin Powers: The Spy Who Shagged Me,2683,,2025-12-07 22:44:34,3
1892,254,Formula 51,5678,5678.0,2025-12-20 06:15:18,3
1893,254,"Island of Dr. Moreau, The",880,880.0,2025-10-27 01:43:46,1
1894,255,Gran Torino,64614,,2026-04-21 03:13:34,10
1895,255,Monty Python and the Holy Grail,1136,,2026-07-19 19:16:26,6
1896,255,Shattered Glass,6932,6932.0,2026-08-14 18:14:51,9
1897,255,"French Connection, The",1953,,2025-10-28 19:04:59,8
1898,255,Pineapple Express,61024,,2025-09-18 08:03:39,3
1899,255,"English Patient, The",1183,,2026-07-20 06:42:46,8
1900,255,Bulworth,1883,,2026-05-11 04:58:49,8
1901,255,Nothing,27537,,2026-08-20 20:58:37,4
1902,256,Six Days Seven Nights,1894,1894.0,2025-11-19 20:35:04,1
1903,256,"Doors, The",1093,1093.0,2026-05-19 10:56:00,1
1904,256,Sense and Sensibility,17,17.0,2026-04-26 04:16:21,4
1905,256,Mystery Science Theater 3000: The Movie,671,,2026-01-22 03:23:24,10
1906,256,"Piano, The",509,509.0,2026-08-02 03:13:02,3
1907,256,"Walk on the Moon, A",2570,,2026-07-20 07:57:28,8
1908,256,"Lust, Caution",55253,55253.0,2025-12-22 09:37:25,9
1909,256,X-Men,3793,,2026-03-15 15:15:55,8
1910,256,"Dead Zone, The",2118,,2026-06-16 04:04:54,6
1911,256,"Graduate, The",1247,1247.0,2025-10-17 20:12:18,3
1912,256,Galaxy Quest,3175,3175.0,2026-05-28 03:21:34,7
1913,256,Predator,3527,3527.0,2026-04-05 09:40:47,4
1914,256,Judge Dredd,173,173.0,2026-01-31 06:54:28,7
1915,257,Twister,736,736.0,2026-06-24 11:23:17,4
1916,257,Star Wars: Episode VI - Return of the Jedi,1210,,2026-02-24 15:24:08,9
1917,257,Dracula,1339,,2025-09-15 15:23:59,6
1918,257,"Mask, The",367,367.0,2026-06-27 05:43:04,6
1919,257,Shutter Island,74458,74458.0,2026-04-18 06:01:39,4
1920,257,Joe Somebody,4991,,2026-04-30 21:23:58,8
1921,258,Full Metal Jacket,1222,1222.0,2026-06-02 11:15:55,2
1922,258,Braveheart,110,110.0,2026-05-11 15:56:50,6
1923,258,Indiana Jones and the Kingdom of the Crystal Skull,59615,59615.0,2026-01-31 13:39:49,3
1924,258,Frequency,3510,,2026-08-07 05:50:42,10
1925,259,3 Extremes,33896,33896.0,2025-09-10 10:42:51,1
1926,259,"Crouching Tiger, Hidden Dragon",3996,,2026-07-13 19:27:53,2
1927,259,"Boondock Saints, The",3275,,2026-08-16 00:19:35,9
1928,259,Eat Pray Love,80551,80551.0,2026-02-18 17:59:25,5
1929,259,"Prince & Me, The",7375,,2026-03-08 21:34:16,10
1930,259,"Fox and the Hound, The",1033,1033.0,2025-12-23 10:25:05,7
1931,259,Alien,1214,1214.0,2026-02-22 21:51:21,6
1932,259,Little Miss Sunshine,46578,,2025-12-15 12:22:38,5
1933,259,Buffalo Soldiers,6567,6567.0,2026-02-15 01:53:55,3
1934,259,"Femme Nikita, La",1249,,2026-05-03 16:45:45,10
1935,259,Cage Dive,176579,,2026-08-05 19:34:06,3
1936,259,Memento,4226,,2026-01-04 00:34:02,1
1937,260,Bad Santa,6957,6957.0,2025-12-01 17:55:57,5
1938,260,Titanic,1721,1721.0,2025-10-09 03:27:54,2
1939,260,Little Miss Sunshine,46578,,2026-08-15 07:21:41,2
1940,260,Deuce Bigalow: Male Gigolo,3146,3146.0,2025-12-10 07:01:00,3
1941,260,Spectre,136020,,2025-10-21 16:30:42,9
1942,260,Chocolat,4014,4014.0,2025-10-03 11:29:35,3
1943,260,French Kiss,236,236.0,2026-02-22 03:36:57,10
1944,260,Rushmore,2395,,2026-05-02 19:47:58,6
1945,260,Amelie,4973,4973.0,2025-09-27 12:13:29,4
1946,260,I.Q.,252,,2025-10-21 19:26:26,6
1947,260,Inside Out,134853,134853.0,2025-12-27 07:40:08,5
1948,261,"Spring, Summer, Fall, Winter... and Spring",8014,,2026-05-31 00:04:10,10
1949,261,Annie Hall,1230,,2026-01-12 23:24:04,8
1950,261,Rabbit-Proof Fence,5446,5446.0,2026-04-20 22:27:20,1
1951,261,Rudy,524,,2025-10-20 04:46:56,8
1952,261,Home Alone 2: Lost in New York,2953,2953.0,2026-02-12 06:06:22,2
1953,261,Little Miss Sunshine,46578,,2026-08-17 20:37:02,10
1954,261,"Piano, The",509,,2025-12-08 22:12:22,9
1955,261,One Flew Over the Cuckoo's Nest,1193,,2026-08-12 02:19:18,5
1956,261,L.A. Confidential,1617,,2026-02-16 13:49:50,8
1957,261,"Inconvenient Truth, An",45950,45950.0,2025-12-11 19:31:16,8
1958,261,Mr. Brooks,53129,53129.0,2026-06-09 22:32:40,2
1959,261,Predator,3527,,2026-06-30 08:23:14,10
1960,261,Battle Royale,7022,7022.0,2026-08-04 05:25:02,4
1961,262,House II: The Second Story,2149,,2025-12-26 03:32:15,7
1962,262,Meet the Robinsons,52287,52287.0,2025-10-22 09:08:32,6
1963,262,"Replacements, The",3861,3861.0,2025-10-28 01:29:15,5
1964,262,"Big Lebowski, The",1732,,2025-11-20 22:02:44,8
1965,262,Office Space,2502,2502.0,2026-02-04 18:39:40,1
1966,262,Billy Elliot,3967,,2026-05-13 11:18:42,7
1967,263,Sabrina,915,915.0,2026-06-03 14:04:23,4
1968,263,"Man Who Fell to Earth, The",6184,6184.0,2026-02-11 03:23:25,2
1969,263,27 Dresses,56949,56949.0,2025-11-14 15:49:24,1
1970,263,Toy Story 2,3114,3114.0,2025-11-15 03:34:40,9
1971,263,V for Vendetta,44191,,2026-06-19 00:02:11,10
1972,263,Million Dollar Baby,30707,,2026-04-01 00:19:29,10
1973,263,"Room for Romeo Brass, A",41712,,2026-06-06 14:49:02,6
1974,263,December Boys,55110,55110.0,2026-01-28 02:09:18,4
1975,263,First Strike,1429,1429.0,2026-01-28 19:55:55,1
1976,263,12 Years a Slave,105844,105844.0,2026-07-17 17:04:31,9
1977,264,"Clonus Horror, The",26409,26409.0,2026-01-13 09:38:02,8
1978,264,Fight Club,2959,,2025-10-15 01:16:44,10
1979,264,Dangerous Minds,31,,2026-07-01 05:53:08,10
1980,264,Being John Malkovich,2997,2997.0,2026-04-13 11:34:15,8
1981,264,"Lord of the Rings: The Fellowship of the Ring, The",4993,,2026-04-16 06:39:46,6
1982,264,"Naked Gun 2 1/2: The Smell of Fear, The",3869,3869.0,2026-07-18 20:39:27,2
1983,264,"Doctor, The",8378,,2025-10-04 07:04:15,3
1984,264,We Need to Talk About Kevin,90376,90376.0,2026-04-08 04:47:31,10
1985,264,The Revenant,139385,,2026-05-24 20:01:15,9
1986,264,Chicken Run,3751,,2026-06-03 02:53:39,7
1987,264,Full Metal Jacket,1222,,2026-09-06 03:33:38,10
1988,264,42,101895,,2026-06-22 02:13:13,2
1989,264,Fargo,608,608.0,2026-08-04 18:40:19,4
1990,264,Star Trek: Nemesis,5944,5944.0,2026-01-02 11:22:48,1
1991,265,Star Trek VI: The Undiscovered Country,1372,1372.0,2026-07-03 08:15:20,6
1992,265,Bring It On,3882,,2026-04-13 18:19:03,10
1993,265,"Mask, The",367,367.0,2026-02-26 10:02:27,3
1994,266,"Lord of the Rings: The Return of the King, The",7153,7153.0,2026-03-19 17:01:30,5
1995,266,Pretty Woman,597,597.0,2025-11-09 21:23:54,4
1996,266,Beauty and the Beast,595,,2026-05-27 11:01:06,9
1997,266,Dirty Dancing,1088,,2026-02-21 23:30:10,4
1998,266,"Glass House, The",4770,4770.0,2026-07-29 18:43:22,7
1999,266,Nelly & Monsieur Arnaud,645,645.0,2025-09-08 11:33:05,1
2000,266,What Lies Beneath,3798,,2025-10-26 13:20:15,9
2001,266,Mortal Kombat: Annihilation,1681,1681.0,2026-02-19 22:03:38,2
2002,266,Spirited Away,5618,,2025-12-11 00:29:09,1
2003,266,Gangs of New York,5956,,2026-04-19 15:57:10,3
2004,266,"Mask, The",367,,2026-04-20 02:43:33,3
2005,267,Saving Private Ryan,2028,2028.0,2026-08-17 22:00:24,7
2006,267,Pulp Fiction,296,,2026-05-26 00:26:54,5
2007,268,10 Things I Hate About You,2572,,2025-11-04 09:22:12,1
2008,268,Monty Python and the Holy Grail,1136,1136.0,2026-06-26 00:53:21,1
2009,268,"Jerky Boys, The",255,,2025-11-03 01:42:58,9
2010,268,Grumpier Old Men,3,3.0,2026-05-02 17:59:51,2
2011,268,Star Wars: Episode VI - Return of the Jedi,1210,,2026-06-13 12:14:09,8
2012,268,Harry Potter and the Chamber of Secrets,5816,5816.0,2026-05-24 12:16:35,4
2013,268,Son in Law,542,542.0,2026-06-21 23:58:34,7
2014,268,Super Troopers,5110,,2026-07-13 06:42:11,3
2015,268,Mission: Impossible,648,648.0,2026-05-02 14:35:47,6
2016,268,Resident Evil: Afterlife,80363,,2026-05-19 11:23:11,4
2017,269,Chicken Little,40339,40339.0,2025-09-30 20:51:11,4
2018,269,Jackass: The Movie,5785,,2026-01-22 13:31:45,4
2019,269,Creepshow,3016,3016.0,2026-07-11 10:08:46,5
2020,269,The Hateful Eight,128360,128360.0,2025-11-23 03:44:22,9
2021,269,Calendar Girls,7155,7155.0,2025-10-03 15:02:57,3
2022,269,"Terminator, The",1240,1240.0,2025-11-30 20:52:05,3
2023,269,Alien,1214,,2025-11-08 11:01:45,9
2024,269,Fantastic Beasts and Where to Find Them,135143,135143.0,2025-11-21 09:59:40,4
2025,269,Pretty Woman,597,,2025-10-19 08:27:24,3
2026,270,Dead Man Walking,36,36.0,2026-06-12 13:09:14,6
2027,270,Coneheads,435,435.0,2026-07-10 21:38:43,2
2028,270,Batman Returns,1377,1377.0,2025-12-17 08:01:15,5
2029,270,Pirates of the Caribbean: The Curse of the Black Pearl,6539,6539.0,2026-03-11 05:09:33,8
2030,270,Out of Sight,1912,1912.0,2025-09-27 05:46:26,5
2031,270,"Englishman Who Went Up a Hill But Came Down a Mountain, The",468,,2026-01-29 20:34:57,6
2032,270,The Night Before,172253,,2025-11-26 18:16:36,10
2033,270,Cloverfield,57368,,2025-12-29 10:33:54,6
2034,270,Panic,4055,,2026-02-17 01:18:32,10
2035,271,Blow,4239,,2026-05-11 13:32:39,7
2036,271,Aladdin,588,588.0,2025-12-05 01:49:53,4
2037,271,Babe,34,34.0,2025-11-20 11:36:29,6
2038,271,"Out-of-Towners, The",2574,,2026-02-28 00:36:59,8
2039,272,Harriet the Spy,801,,2025-09-14 12:46:36,8
2040,272,"Lodger: A Story of the London Fog, The",2227,,2026-02-04 13:06:58,8
2041,272,"Misérables, Les",99149,,2025-10-26 17:19:04,10
2042,272,"Bodyguard, The",3257,3257.0,2025-11-09 02:26:32,2
2043,272,Waking Ned Devine,2359,2359.0,2026-04-05 04:58:58,9
2044,272,Frost/Nixon,64620,64620.0,2025-09-14 01:42:15,1
2045,272,Thank You for Smoking,44195,44195.0,2026-07-18 21:33:28,10
2046,272,Half Baked,1753,,2026-03-26 18:00:57,10
2047,272,Children of Men,48774,,2025-11-10 07:37:13,10
2048,273,Bed of Roses,74,74.0,2026-06-30 03:21:07,7
2049,273,"Matrix Reloaded, The",6365,,2026-01-21 07:47:15,5
2050,273,Fear and Loathing in Las Vegas,1884,,2025-09-21 18:28:50,7
2051,273,Pet Sematary,2513,2513.0,2026-03-16 10:58:29,1
2052,273,"Lincoln Lawyer, The",84392,84392.0,2025-10-29 09:26:19,2
2053,273,School of Rock,6863,,2026-01-18 08:44:21,9
2054,273,Harriet the Spy,801,801.0,2025-11-28 23:22:42,7
2055,273,Brazil,1199,1199.0,2026-07-06 09:26:57,6
2056,273,Three Kings,2890,2890.0,2026-04-13 18:11:57,3
2057,273,"Book of Eli, The",73321,73321.0,2025-09-28 07:36:11,7
2058,273,The Hunger Games,91500,91500.0,2026-03-05 18:27:24,5
2059,273,Battlestar Galactica,27611,27611.0,2026-02-03 06:43:21,9
2060,273,"Paradine Case, The",2201,2201.0,2026-08-01 05:11:43,2
2061,274,"Fugitive, The",457,457.0,2025-10-14 16:19:38,3
2062,274,Room,140174,140174.0,2025-11-15 04:09:16,6
2063,275,Day of the Dead,6731,,2026-03-05 16:25:03,2
2064,276,Maleficent,111659,111659.0,2026-08-10 04:39:43,3
2065,276,Monty Python's The Meaning of Life,6807,,2026-07-31 12:27:04,5
2066,276,Heat,6,6.0,2025-10-12 13:53:57,2
2067,276,"World Is Not Enough, The",3082,3082.0,2026-05-16 22:36:08,5
2068,277,Lady and the Tramp,2080,,2026-01-24 08:14:52,4
2069,277,Lord of War,36529,36529.0,2025-10-01 16:17:12,3
2070,277,Apollo 13,150,,2025-10-26 14:08:49,10
2071,277,"Man for All Seasons, A",1949,,2026-03-29 18:13:15,1
2072,277,Sliding Doors,1680,1680.0,2026-07-20 07:15:26,2
2073,277,Coco,177765,177765.0,2025-12-03 17:01:07,3
2074,277,Youth,134214,,2025-10-29 17:44:42,10
2075,277,Salvador,4407,4407.0,2026-01-05 23:43:21,1
2076,278,My Fellow Americans,1390,,2026-01-19 17:19:07,9
2077,278,Executive Decision,494,494.0,2026-01-25 16:43:16,1
2078,278,Oblivion,101864,,2026-05-10 20:55:49,6
2079,278,Rumble in the Bronx,112,,2026-02-27 15:46:29,1
2080,278,"Shawshank Redemption, The",318,318.0,2025-10-22 19:27:33,4
2081,278,Inside Man,44199,44199.0,2025-11-08 15:53:00,2
2082,279,Big Hero 6,115617,115617.0,2026-05-28 13:33:03,5
2083,279,About Time,104374,104374.0,2025-11-14 13:25:31,3
2084,279,"Goonies, The",2005,2005.0,2025-11-26 17:07:29,1
2085,279,"American Tail, An",2141,,2025-12-27 02:05:13,3
2086,279,Casper,158,158.0,2026-08-13 05:07:17,7
2087,279,Pokémon Heroes,6371,6371.0,2025-09-12 12:48:18,3
2088,280,Talladega Nights: The Ballad of Ricky Bobby,46970,,2026-06-03 07:17:26,5
2089,280,Iron Man 2,77561,77561.0,2025-11-11 22:02:56,4
2090,280,Major Payne,267,267.0,2026-03-31 08:33:30,2
2091,280,Shaun of the Dead,8874,,2025-09-14 12:57:50,10
2092,280,True Romance,555,555.0,2025-10-02 22:24:12,1
2093,281,"House Bunny, The",61250,61250.0,2026-04-24 09:00:55,9
2094,281,"Royal Tenenbaums, The",4979,,2025-11-27 14:18:46,5
2095,281,Full Metal Jacket,1222,,2026-05-03 14:15:09,9
2096,281,"Break-Up, The",45501,,2026-05-28 01:36:13,5
2097,281,Meet Me in St. Louis,918,,2025-11-28 04:21:51,8
2098,282,Fast Times at Ridgemont High,3210,3210.0,2025-11-23 07:57:44,4
2099,282,Tank Girl,327,,2025-10-29 06:08:17,10
2100,282,"Flintstones, The",355,355.0,2026-06-26 21:45:13,8
2101,282,"Matrix, The",2571,,2026-05-21 14:51:16,8
2102,282,Forrest Gump,356,356.0,2026-08-30 19:25:23,2
2103,282,Clear and Present Danger,349,349.0,2026-01-27 22:16:02,5
2104,282,Matchstick Men,6708,,2026-04-27 21:00:36,8
2105,282,Flight of the Navigator,2046,2046.0,2026-03-06 03:04:09,4
2106,283,Heathers,1285,1285.0,2026-03-07 13:18:25,3
2107,283,"Matrix Reloaded, The",6365,,2026-06-02 12:02:50,7
2108,283,"Legend of Drunken Master, The",3972,3972.0,2025-12-17 05:33:12,1
2109,283,Prometheus,94864,,2025-10-04 10:59:02,9
2110,283,Fear and Loathing in Las Vegas,1884,1884.0,2026-05-11 12:16:51,4
2111,283,"Island, The",34319,,2026-06-09 00:56:41,8
2112,283,Ferris Bueller's Day Off,2918,2918.0,2026-05-28 12:30:06,1
2113,283,Next Stop Wonderland,2171,,2025-12-23 15:12:32,1
2114,283,WarGames,6979,6979.0,2026-08-27 06:07:22,3
2115,283,Batman Begins,33794,33794.0,2025-09-29 10:36:06,5
2116,283,Blazing Saddles,3671,,2026-06-27 05:13:55,10
2117,283,Man of Steel,103042,103042.0,2026-03-03 01:56:22,10
2118,284,Grease,1380,1380.0,2026-05-09 13:55:12,7
2119,284,Misery,3499,3499.0,2026-04-24 03:19:04,8
2120,284,Cape Fear,1344,,2025-12-09 05:30:39,5
2121,284,"Mask of Zorro, The",2006,2006.0,2026-08-21 12:31:31,1
2122,284,RoboCop,2985,,2026-01-02 18:49:28,4
2123,284,Léon: The Professional,293,293.0,2026-04-11 19:33:24,5
2124,284,Hands on a Hard Body,2330,2330.0,2025-11-01 18:35:29,6
2125,284,"Matrix Revolutions, The",6934,6934.0,2026-07-08 04:20:19,5
2126,284,Hellboy,7373,,2026-03-20 10:32:34,10
2127,284,Visitor Q,5909,5909.0,2026-01-19 07:57:52,7
2128,284,"Matrix Revolutions, The",6934,6934.0,2025-09-27 08:26:25,8
2129,284,Groundhog Day,1265,1265.0,2026-05-30 16:31:04,1
2130,284,"Christmas Carol, A",1099,,2025-12-19 10:18:10,10
2131,284,Money Money Money,98697,,2026-01-09 06:29:25,6
2132,285,Harry Potter and the Deathly Hallows: Part 2,88125,88125.0,2026-08-20 16:51:49,2
2133,285,"Tourist, The",82202,,2026-01-09 21:37:37,9
2134,285,Zootopia,152081,,2026-02-20 18:01:06,4
2135,285,"Boondock Saints, The",3275,3275.0,2026-08-18 15:52:06,5
2136,285,Saving Private Ryan,2028,2028.0,2025-09-21 22:50:07,1
2137,285,Scrooged,3087,3087.0,2025-12-01 15:35:03,7
2138,285,Snatch,4011,4011.0,2026-04-09 16:03:00,5
2139,285,Bride Wars,65585,,2025-09-29 09:35:02,10
2140,285,Short Circuit,4545,4545.0,2026-02-26 07:55:30,4
2141,285,Intouchables,92259,,2025-10-27 11:26:21,7
2142,285,American Graffiti,3363,,2026-06-14 20:06:45,8
2143,286,Role Models,63131,,2026-06-01 01:55:18,5
2144,286,Ace Ventura: Pet Detective,344,344.0,2026-08-29 18:52:37,6
2145,286,Moana,166461,166461.0,2026-02-24 04:36:11,3
2146,286,Exotica,233,233.0,2026-06-12 01:19:30,7
2147,286,"Mudge Boy, The",7455,7455.0,2025-11-07 03:37:43,3
2148,286,"Fistful of Dollars, A",2951,2951.0,2025-12-04 12:01:00,4
2149,286,Raiders of the Lost Ark,1198,1198.0,2025-12-13 18:00:52,5
2150,286,Total Recall,2916,2916.0,2025-09-21 08:00:34,9
2151,287,Under Siege 2: Dark Territory,204,,2026-04-22 21:55:35,10
2152,287,Austin Powers: The Spy Who Shagged Me,2683,2683.0,2026-07-12 08:41:39,1
2153,287,"Wake Up, Ron Burgundy",50942,,2025-10-31 18:36:26,2
2154,288,Gone in 60 Seconds,3717,3717.0,2026-04-29 09:16:25,4
2155,288,Air Force One,1608,,2026-01-05 05:31:50,7
2156,288,Who Framed Roger Rabbit?,2987,2987.0,2026-01-29 04:15:11,1
2157,288,Mulan,1907,1907.0,2025-10-08 18:15:10,8
2158,288,Blade Runner,541,541.0,2025-09-27 03:18:14,5
2159,288,"Island of Dr. Moreau, The",880,,2026-01-07 01:54:46,8
2160,288,"Harder They Come, The",6051,6051.0,2026-02-19 08:50:28,6
2161,288,Pirates of the Caribbean: On Stranger Tides,86880,,2025-11-11 03:23:03,9
2162,288,City Slickers,4321,4321.0,2026-03-26 04:17:04,7
2163,288,Water for Elephants,86548,86548.0,2026-01-14 23:23:35,6
2164,288,Team America: World Police,8917,,2026-07-03 06:50:43,10
2165,288,I Know What You Did Last Summer,1644,1644.0,2026-04-03 20:25:22,2
2166,288,Talk to Her,5878,5878.0,2025-12-26 08:35:59,6
2167,288,St. Elmo's Fire,2146,,2026-05-19 06:07:50,4
2168,289,Raging Bull,1228,,2026-08-16 15:30:12,8
2169,290,Home Alone,586,586.0,2026-05-21 17:38:34,2
2170,290,Shadow of a Doubt,2203,2203.0,2026-08-07 08:15:16,7
2171,290,"Lion King, The",364,364.0,2026-02-05 17:49:51,5
2172,290,Pawn Sacrifice,142507,142507.0,2026-07-01 10:34:58,2
2173,290,Falling Down,3020,,2026-06-04 09:57:57,6
2174,290,Mission: Impossible II,3623,,2025-11-27 12:56:09,10
2175,290,Batman,592,,2026-02-26 07:23:00,8
2176,290,Zombieland,71535,71535.0,2026-04-27 13:03:58,7
2177,290,Misery,3499,,2026-04-18 01:25:09,10
2178,290,2010: The Year We Make Contact,2311,2311.0,2026-01-12 05:45:18,9
2179,291,Ace Ventura: When Nature Calls,19,,2025-09-17 08:49:12,9
2180,291,Mission: Impossible,648,648.0,2026-04-08 20:09:01,8
2181,291,"Journey of Natty Gann, The",2077,2077.0,2026-05-08 08:32:11,3
2182,291,84 Charing Cross Road,5404,5404.0,2026-02-01 12:42:53,1
2183,291,"Sixth Sense, The",2762,2762.0,2026-03-02 00:54:09,6
2184,291,Deadpool,122904,122904.0,2026-09-01 23:21:14,2
2185,291,Forgetting Sarah Marshall,58998,,2026-05-16 01:25:21,8
2186,291,"Perks of Being a Wallflower, The",96821,,2026-06-23 04:26:53,2
2187,291,Immortal Beloved,249,249.0,2026-05-06 11:58:59,1
2188,291,X-Men: Days of Future Past,111362,111362.0,2025-12-19 04:46:43,8
2189,292,"Mummy Returns, The",4270,4270.0,2025-11-24 00:27:51,6
2190,292,Borat: Cultural Learnings of America for Make Benefit Glorious Nation of Kazakhstan,48385,48385.0,2025-12-05 05:59:54,3
2191,292,Dumb & Dumber,231,231.0,2025-12-10 09:08:34,4
2192,292,X-Men,3793,3793.0,2025-09-13 08:32:23,5
2193,292,Erin Brockovich,3408,,2026-06-29 17:00:30,10
2194,292,Serial Mom,532,,2025-10-19 05:46:54,3
2195,292,PCU,6811,,2026-07-07 01:27:58,6
2196,292,Berlin Calling,66511,,2026-02-09 22:39:28,7
2197,292,"Nightmare on Elm Street 2: Freddy's Revenge, A",1969,,2025-10-10 10:49:43,6
2198,292,Planet of the Apes,2529,,2025-10-22 19:19:25,3
2199,292,"Godfather: Part III, The",2023,,2026-06-06 11:57:05,6
2200,292,Leaving Las Vegas,25,25.0,2025-12-08 08:04:46,2
2201,293,"Bourne Ultimatum, The",54286,54286.0,2025-09-10 16:40:04,1
2202,293,Signs,5502,,2026-04-22 10:31:34,9
2203,293,High School High,833,833.0,2026-07-10 11:59:31,5
2204,293,Stargate,316,,2026-08-13 22:23:52,6
2205,293,All About My Mother,3083,3083.0,2026-08-09 06:59:09,1
2206,293,Jack Frost,2392,2392.0,2026-03-03 17:57:12,8
2207,293,"Heat, The",103372,103372.0,2026-02-11 20:31:31,3
2208,293,Pineapple Express,61024,61024.0,2026-05-18 01:04:23,1
2209,293,Boyz N the Hood,6796,6796.0,2026-09-02 10:39:48,6
2210,293,"Rugrats Movie, The",2354,2354.0,2026-08-17 15:08:20,7
2211,293,My Cousin Vinny,2302,2302.0,2026-08-02 22:40:29,6
2212,293,Highlander,1275,1275.0,2025-11-04 09:28:51,8
2213,294,Metropolis,5072,5072.0,2025-11-18 16:42:27,7
2214,294,Milk Money,276,276.0,2025-09-22 15:58:46,6
2215,294,Straw Dogs,6301,,2025-11-03 02:48:53,10
2216,294,GoldenEye,10,10.0,2026-08-13 01:38:09,7
2217,295,Riki-Oh: The Story of Ricky,26736,,2026-01-27 03:41:59,10
2218,295,"War of the Worlds, The",2662,2662.0,2026-05-11 07:51:38,7
2219,295,"Bourne Ultimatum, The",54286,54286.0,2026-04-03 13:38:41,1
2220,295,Liam,4780,4780.0,2025-10-07 11:12:12,2
2221,295,Zero Effect,1845,,2026-01-11 14:34:33,8
2222,295,Children of Men,48774,48774.0,2026-06-09 22:28:24,5
2223,295,Safe,94405,94405.0,2026-02-01 23:34:58,9
2224,296,"Legend of Drunken Master, The",3972,,2026-03-05 11:29:30,5
2225,296,Brüno,69784,69784.0,2025-09-23 04:42:33,5
2226,296,"Pianist, The",5995,5995.0,2025-09-15 06:51:16,3
2227,296,Austin Powers: The Spy Who Shagged Me,2683,,2025-10-20 03:18:18,6
2228,296,War Dogs,161131,161131.0,2026-05-21 05:04:05,7
2229,297,"Prince of Egypt, The",2394,,2026-08-28 12:12:04,8
2230,297,Attack of the Giant Leeches,8138,,2025-09-16 01:19:28,1
2231,298,RoboCop 2,2986,,2026-02-25 09:31:07,8
2232,298,Juno,56367,56367.0,2026-05-29 16:28:47,1
2233,298,Wedding Crashers,34162,,2026-03-04 22:40:09,2
2234,298,Clerks,223,223.0,2026-08-05 13:21:14,3
2235,298,"Usual Suspects, The",50,,2025-09-29 06:53:39,6
2236,298,V/H/S,96815,,2026-05-18 11:34:53,10
2237,298,"Maltese Falcon, The",913,913.0,2026-03-29 05:21:32,7
2238,298,"Island of Dr. Moreau, The",880,,2026-07-04 23:01:48,10
2239,298,Police Story,26547,,2026-07-15 22:23:47,7
2240,298,Little Big Man,3037,,2026-06-28 11:53:51,10
2241,298,"Piano, The",509,509.0,2025-12-21 02:01:51,2
2242,298,"Fly II, The",2456,,2026-03-07 00:55:07,5
2243,298,Primer,8914,,2025-10-12 10:56:58,10
2244,298,Monster,7160,,2026-06-16 13:32:17,10
2245,299,Once Were Warriors,290,,2025-10-27 15:05:13,6
2246,299,Center Stage,3594,,2025-12-27 08:39:24,9
2247,299,"American Carol, An",62586,62586.0,2025-10-01 16:21:45,6
2248,299,Seven,47,47.0,2025-10-04 07:34:45,4
2249,299,Save the Last Dance,4054,,2026-05-08 03:18:46,2
2250,299,Look Who's Talking,4621,4621.0,2025-12-01 21:54:10,1
2251,299,Gladiator,3578,3578.0,2026-05-25 08:21:36,2
2252,299,Ace Ventura: Pet Detective,344,344.0,2026-02-12 06:51:01,6
2253,299,Inception,79132,79132.0,2025-10-23 15:41:09,7
2254,299,Kill Bill: Vol. 1,6874,,2026-02-04 15:36:42,6
2255,299,Star Trek Beyond,135569,,2026-05-14 03:34:00,1
2256,299,Three Kings,2890,,2026-04-13 21:13:37,2
2257,300,Little Women,261,261.0,2025-10-07 06:02:10,1
2258,300,My Big Fat Greek Wedding,5299,,2026-05-27 23:26:22,10
2259,300,Wedding Crashers,34162,,2025-10-29 18:39:16,9
2260,300,"Smurfs, The",88356,,2026-04-22 20:35:13,5
2261,300,Lord of the Flies,3461,,2026-02-06 19:40:44,5
2262,300,"Little Foxes, The",4801,,2025-10-17 21:57:08,5
2263,300,Sense and Sensibility,17,17.0,2025-09-28 10:17:24,6
2264,300,Annie Hall,1230,1230.0,2026-05-26 10:37:55,4
2265,300,"Money Pit, The",2375,2375.0,2026-05-10 14:26:51,1
2266,300,I.Q.,252,252.0,2026-07-24 01:59:05,7
2777,365,Tag,188797,,2026-01-03 03:01:41,10
2267,300,"Sword in the Stone, The",1025,1025.0,2025-10-25 14:16:23,4
2268,301,"Nightmare on Elm Street 3: Dream Warriors, A",1970,1970.0,2026-05-28 00:08:44,9
2269,301,"League of Their Own, A",3255,3255.0,2026-04-24 21:07:17,7
2270,301,"Sixth Sense, The",2762,2762.0,2026-05-09 11:49:03,9
2271,301,Sarah Silverman: Jesus Is Magic,40946,40946.0,2026-02-05 14:49:48,4
2272,302,Be Kind Rewind,55830,,2025-11-18 13:55:28,10
2273,302,"Wizard of Oz, The",919,919.0,2026-01-12 20:41:07,1
2274,302,"40-Year-Old Virgin, The",35836,35836.0,2025-10-25 15:57:13,2
2275,302,Animal House,3421,3421.0,2025-12-02 22:01:38,2
2276,302,Giant,948,,2026-08-16 11:40:09,2
2277,302,White Oleander,5668,,2025-10-04 10:04:14,5
2278,302,"Usual Suspects, The",50,50.0,2025-12-27 13:41:05,3
2279,302,"Perfect Murder, A",1892,1892.0,2026-02-13 20:04:42,5
2280,302,How to Train Your Dragon,76093,76093.0,2025-09-11 02:36:58,8
2281,302,"Sound of Music, The",1035,1035.0,2026-03-14 12:14:27,9
2282,302,Austin Powers in Goldmember,5481,,2026-06-25 21:14:04,7
2283,302,America's Sweethearts,4639,,2026-08-06 07:12:03,6
2284,302,What We Do in the Shadows,115122,,2026-01-05 02:39:36,7
2285,303,Night of the Creeps,3696,3696.0,2026-06-02 10:39:54,3
2286,304,Westworld,2527,2527.0,2025-09-20 17:24:41,1
2287,304,American Beauty,2858,2858.0,2025-12-12 21:44:01,1
2288,304,"Bourne Supremacy, The",8665,8665.0,2026-06-17 14:11:23,1
2289,304,Police Academy: Mission to Moscow,8387,,2025-11-01 15:55:47,5
2290,304,Traffic,4034,,2026-08-17 05:47:39,9
2291,304,Bowling for Columbine,5669,5669.0,2026-06-04 09:39:00,4
2292,304,Anger Management,6287,6287.0,2025-10-08 12:03:19,6
2293,304,"Stepford Wives, The",2346,,2025-12-22 07:35:53,7
2294,304,Entrapment,2605,,2025-10-09 10:55:30,8
2295,304,Léon: The Professional,293,293.0,2026-07-12 02:06:51,8
2296,305,30 Minutes or Less,88812,,2025-09-17 18:06:48,3
2297,305,Cloud Atlas,97752,97752.0,2025-10-21 01:30:39,6
2298,305,Stuart Little 2,5480,5480.0,2025-10-25 22:52:35,1
2299,305,First Knight,168,,2026-03-29 13:17:11,10
2300,305,Mercury Rising,1833,,2026-04-07 11:14:11,8
2301,305,"Man Who Shot Liberty Valance, The",4406,4406.0,2025-09-10 11:39:16,1
2302,305,Glory,1242,1242.0,2025-11-14 10:36:17,1
2303,305,Gladiator,3578,3578.0,2025-10-31 22:38:36,7
2304,305,Walk the Line,40819,,2026-01-12 01:43:15,9
2305,305,Star Wars: Episode VI - Return of the Jedi,1210,,2026-03-07 19:06:37,6
2306,305,Hotel Rwanda,30749,,2025-11-11 04:47:03,7
2307,305,AVP: Alien vs. Predator,8810,8810.0,2026-03-09 06:53:12,5
2308,306,Wonder Boys,3317,3317.0,2026-01-26 21:13:55,9
2309,306,"Breakfast Club, The",1968,,2026-05-17 16:19:34,10
2310,306,Batman Returns,1377,1377.0,2026-03-12 16:24:20,6
2311,306,Deliverance,2871,,2026-01-12 08:19:22,10
2312,306,Bill Burr: Let It Go,121372,,2026-04-13 12:17:21,10
2313,306,How to Lose a Guy in 10 Days,6155,,2026-09-08 08:32:49,10
2314,307,"Player, The",2289,2289.0,2026-08-27 12:17:02,4
2315,307,"Expendables 2, The",91485,,2026-01-22 09:37:29,9
2316,307,"House of Yes, The",1648,1648.0,2026-05-21 22:40:56,7
2317,307,Rounders,2231,2231.0,2026-07-16 15:42:16,2
2318,307,Batman Begins,33794,,2026-05-07 13:16:52,6
2319,307,Once Upon a Time in America,1227,,2026-05-22 06:33:45,4
2320,307,"Cable Guy, The",784,,2025-11-03 20:10:57,9
2321,308,"Godfather, The",858,858.0,2025-11-14 03:07:27,2
2322,308,Flipper,711,,2025-09-12 00:06:14,8
2323,308,Fast Times at Ridgemont High,3210,3210.0,2026-04-29 02:49:12,7
2324,308,Mrs. Doubtfire,500,500.0,2025-12-03 10:36:14,1
2325,308,Airport '77,2522,2522.0,2026-07-29 14:33:41,2
2326,308,Fantastic Four,34150,,2026-04-11 18:13:20,5
2327,308,"Hunt for Red October, The",1610,1610.0,2025-12-11 02:03:22,6
2328,309,Jurassic Park,480,480.0,2026-06-10 02:41:18,1
2329,310,Star Wars: Episode V - The Empire Strikes Back,1196,,2025-10-02 03:19:50,8
2330,310,Hollow Man,3826,,2026-08-04 05:28:21,8
2331,310,Futurama: Bender's Game,62956,62956.0,2025-12-06 01:52:38,2
2332,310,And Your Mother Too,5225,5225.0,2026-05-16 07:13:57,1
2333,311,Mars Attacks!,1391,1391.0,2025-09-08 19:56:08,5
2334,311,St. Elmo's Fire,2146,,2025-12-25 20:16:26,10
2335,311,Hook,3489,,2025-12-05 19:54:30,4
2336,312,Robin Hood: Prince of Thieves,1027,,2026-09-02 10:29:04,10
2337,312,Gone in 60 Seconds,3717,,2026-04-16 04:19:50,10
2338,312,Fireworks,1809,,2026-04-20 02:28:34,10
2339,312,Star Trek II: The Wrath of Khan,1374,,2026-09-03 13:56:05,8
2340,312,Back to the Future Part II,2011,,2026-01-23 20:33:22,9
2341,312,Mr. Woodcock,55241,,2026-08-20 08:16:39,1
2342,312,"Outlaw Josey Wales, The",3508,3508.0,2025-09-12 01:28:31,4
2343,312,Stripes,1663,1663.0,2025-10-23 04:08:03,9
2344,312,Pirates of the Caribbean: The Curse of the Black Pearl,6539,,2026-03-16 18:55:25,10
2345,312,2010: The Year We Make Contact,2311,2311.0,2026-03-22 22:51:10,3
2346,313,Ghostbusters II,2717,2717.0,2026-04-30 13:44:07,1
2347,313,Transformers: Revenge of the Fallen,69526,69526.0,2026-02-08 00:09:06,6
2348,313,Amazon Women on the Moon,4079,,2026-06-24 08:22:50,10
2349,313,Babe,34,34.0,2026-07-23 08:00:41,1
2350,313,"Sixth Sense, The",2762,2762.0,2026-02-04 16:22:48,2
2351,313,Life Is Beautiful,2324,2324.0,2026-08-02 16:14:50,8
2352,313,Badlands,3741,3741.0,2026-05-03 03:17:57,9
2353,314,Monty Python and the Holy Grail,1136,1136.0,2025-09-25 14:09:48,2
2354,314,Without a Paddle,8814,,2026-03-08 22:22:43,9
2355,314,"Dark Knight, The",58559,,2026-03-28 02:20:59,10
2356,314,Roger Dodger,5792,5792.0,2026-03-15 19:28:02,3
2357,314,Young Frankenstein,1278,,2026-02-23 02:22:07,6
2358,314,Snatch,4011,4011.0,2026-04-28 13:12:11,8
2359,314,10 Things I Hate About You,2572,2572.0,2026-09-04 12:30:55,9
2360,314,Tron: Legacy,82461,,2026-08-25 03:34:19,9
2361,314,"Deer Hunter, The",1263,1263.0,2025-11-14 14:45:37,3
2362,314,Far From Home: The Adventures of Yellow Dog,238,238.0,2026-01-05 02:22:23,2
2363,314,Despicable Me,79091,79091.0,2026-05-07 14:06:49,4
2364,314,Away We Go,66665,,2026-09-06 23:36:08,10
2365,314,Fatal Attraction,3101,3101.0,2025-09-27 08:27:39,4
2366,315,Spy Kids,4232,4232.0,2025-10-28 03:24:58,3
2367,315,The Butterfly Effect,7254,7254.0,2026-02-05 16:32:45,2
2368,315,Renaissance Man,516,516.0,2025-12-30 06:01:08,1
2369,315,Drugstore Cowboy,3019,3019.0,2026-03-02 15:30:01,4
2370,315,Legend,2143,,2025-09-17 11:48:37,7
2371,315,Prime,39449,39449.0,2025-12-17 14:09:21,1
2372,316,In & Out,1614,1614.0,2026-04-29 06:49:51,4
2373,316,Private Parts,1476,1476.0,2026-05-17 02:28:42,1
2374,316,Christina P: Mother Inferior,179211,179211.0,2026-04-17 03:35:57,1
2375,316,Waterworld,208,,2026-06-20 17:46:09,10
2376,316,Erin Brockovich,3408,3408.0,2026-01-16 05:40:09,1
2377,316,Star Trek: Insurrection,2393,2393.0,2026-02-11 12:36:00,5
2378,316,Cold Comfort Farm,728,728.0,2025-12-05 06:27:05,6
2379,316,Powder,24,,2026-06-28 04:32:44,4
2380,316,Sleepy Hollow,3081,3081.0,2026-08-10 03:57:08,1
2381,316,Friends with Kids,91690,,2025-09-21 15:06:35,9
2382,316,Munich,41997,,2026-01-08 08:07:41,10
2383,316,"Incredibles, The",8961,8961.0,2025-11-10 23:45:02,6
2384,316,Something New,43684,43684.0,2026-07-02 19:10:36,2
2385,317,Maleficent,111659,,2026-06-06 17:44:52,8
2386,317,Shallow Grave,319,319.0,2026-03-07 12:34:04,5
2387,317,"Cabin in the Woods, The",93840,93840.0,2026-03-19 19:07:23,5
2388,317,"French Connection, The",1953,1953.0,2025-11-22 11:25:26,5
2389,317,"Crouching Tiger, Hidden Dragon",3996,3996.0,2025-11-22 22:24:14,2
2390,317,Dave,440,,2025-10-08 03:14:44,10
2391,317,Desperate Measures,1598,,2026-05-24 23:06:26,10
2392,317,Tora! Tora! Tora!,3066,3066.0,2026-06-15 08:48:12,6
2393,317,"Fish Called Wanda, A",1079,,2026-05-01 02:10:37,7
2394,317,Million Dollar Baby,30707,30707.0,2026-03-06 02:08:04,1
2395,317,Moonstruck,3072,,2026-05-08 09:14:02,9
2396,317,Donnie Darko,4878,,2026-07-30 00:31:52,10
2397,318,Divergent,108190,,2025-11-14 03:18:25,10
2398,318,Breakfast at Tiffany's,902,902.0,2026-07-28 19:05:16,9
2399,318,Get Carter,3947,3947.0,2026-08-27 21:39:47,3
2400,318,"Lord of the Rings: The Return of the King, The",7153,7153.0,2025-09-25 15:29:50,6
2401,318,Back to the Future,1270,1270.0,2025-09-19 19:38:46,2
2402,318,"Pajama Game, The",2874,,2026-03-18 14:56:50,10
2403,318,Team America: World Police,8917,8917.0,2025-11-01 22:45:44,9
2404,318,Erin Brockovich,3408,3408.0,2025-09-21 22:10:24,10
2405,318,Moonrise Kingdom,94959,94959.0,2026-03-18 21:49:36,1
2406,319,Dogtown and Z-Boyz,5325,,2026-02-08 18:09:07,9
2407,319,The Hunger Games,91500,91500.0,2026-01-20 23:44:45,2
2408,320,Addams Family Values,410,,2025-11-15 14:33:01,10
2409,320,"Bug's Life, A",2355,,2026-04-11 02:33:58,3
2410,320,Big Trouble,4774,4774.0,2026-02-08 20:34:38,3
2411,320,Nadja,184,184.0,2025-10-13 06:29:50,1
2412,320,Waiting...,37384,,2026-05-12 11:53:42,9
2413,320,Pleasantville,2321,2321.0,2025-11-26 02:13:14,5
2414,320,"Avengers, The",89745,89745.0,2026-01-16 18:16:46,5
2415,320,Mission: Impossible,648,,2026-02-13 11:06:47,8
2416,320,Never Cry Wolf,3347,3347.0,2026-03-28 01:17:01,6
2417,320,21 Jump Street,93510,,2026-02-05 00:45:18,5
2418,321,Cats & Dogs,4386,,2025-09-26 22:43:27,9
2419,321,Groundhog Day,1265,,2025-09-28 11:07:59,10
2420,321,While You Were Sleeping,339,339.0,2026-04-11 01:13:37,10
2421,321,Iron Man 3,102125,,2026-03-23 13:13:35,10
2422,321,Saving Private Ryan,2028,2028.0,2026-04-09 23:31:59,6
2423,321,"O Brother, Where Art Thou?",4027,4027.0,2025-12-17 23:10:35,4
2424,321,This Is Spinal Tap,1288,1288.0,2025-11-28 05:52:23,8
2425,321,Bonnie and Clyde,1084,1084.0,2026-08-11 01:46:43,2
2426,321,"Other Guys, The",79592,79592.0,2026-07-22 16:11:25,4
2427,321,Pirates of the Caribbean: Dead Man's Chest,45722,45722.0,2026-05-13 04:05:54,5
2428,321,Lethal Weapon,2000,2000.0,2026-01-28 16:03:57,1
2429,321,"American Tail, An",2141,2141.0,2026-04-26 06:00:08,2
2430,322,City of God,6016,6016.0,2026-08-09 17:10:11,1
2431,322,My Cousin Vinny,2302,2302.0,2025-12-11 02:39:41,4
2432,322,Remember the Titans,3916,,2026-05-11 09:43:34,8
2433,322,Gandhi,1293,,2026-01-04 07:42:04,9
2434,322,Last Action Hero,485,485.0,2026-03-04 17:36:19,3
2435,322,...And Justice for All,3420,,2025-11-14 01:14:12,8
2436,322,Face/Off,1573,,2025-10-25 01:54:45,9
2437,322,"Jewel of the Nile, The",2405,,2026-04-02 10:56:33,9
2438,322,Rain Man,1961,,2026-07-05 07:45:13,4
2439,322,Tomorrow Never Dies,1722,1722.0,2026-01-06 18:59:06,3
2440,322,Headhunters,90600,90600.0,2025-12-26 23:52:02,2
2441,322,Besieged,2630,,2025-09-11 20:45:19,10
2442,322,Bill & Ted's Excellent Adventure,4571,4571.0,2026-02-23 11:36:24,9
2443,322,"Prestige, The",48780,,2026-03-16 06:40:06,7
2444,323,"Goonies, The",2005,,2026-03-21 18:44:31,3
2445,323,Forrest Gump,356,356.0,2026-06-10 00:30:21,4
2446,323,Twelve Monkeys,32,,2026-01-03 08:43:11,9
2447,323,"Nutty Professor, The",788,788.0,2026-07-25 08:41:36,7
2448,323,Taxi Driver,111,,2026-06-13 22:28:29,3
2449,323,Monty Python's Life of Brian,1080,,2025-09-10 13:21:25,4
2450,323,Interstellar,109487,,2025-11-02 22:08:10,9
2451,323,Henry: Portrait of a Serial Killer,2159,2159.0,2026-03-01 09:12:03,4
2452,324,Casino,16,,2026-07-19 21:44:41,9
2453,324,"Crouching Tiger, Hidden Dragon",3996,,2025-09-12 17:26:37,9
2454,324,Forgetting Sarah Marshall,58998,,2025-09-23 20:26:04,2
2455,324,Aladdin,588,588.0,2025-11-19 14:17:20,4
2456,325,Dead Men Don't Wear Plaid,2110,2110.0,2026-02-16 11:43:20,9
2457,325,Underworld: Awakening,91974,,2025-12-27 22:46:07,9
2458,325,Are We There Yet?,31422,31422.0,2026-08-26 14:14:51,1
2459,325,"Matrix, The",2571,2571.0,2025-09-21 18:38:59,5
2460,325,The Hunger Games,91500,91500.0,2026-05-11 00:08:33,7
2461,326,Cliffhanger,434,434.0,2026-04-05 04:02:49,1
2462,326,Moonraker,3638,,2026-01-29 04:08:20,10
2463,326,Nature Calls,98160,,2026-06-30 20:43:12,10
2464,326,"Name of the Rose, The",2467,,2025-11-24 05:33:37,8
2465,326,The Devil's Advocate,1645,,2026-03-08 17:53:33,8
2466,326,Aladdin,588,588.0,2026-04-06 20:40:49,3
2467,326,Leaving Las Vegas,25,,2026-01-13 03:22:01,7
2468,326,Natural Born Killers,288,,2026-09-06 15:46:56,10
2469,326,Billy Madison,216,216.0,2026-04-23 16:19:55,1
2470,326,Confessions of a Teenage Drama Queen,7316,7316.0,2025-12-17 12:06:49,7
2471,326,Rounders,2231,2231.0,2026-01-26 06:02:16,2
2472,326,Dead Man Walking,36,,2025-12-14 06:12:52,8
2473,326,Arsenic and Old Lace,1269,1269.0,2026-07-14 03:48:15,10
2474,326,Tom & Viv,331,,2025-09-09 22:13:36,4
2475,327,Hard Target,464,,2025-12-25 13:56:27,10
2476,328,300,51662,51662.0,2026-06-23 01:18:16,6
2477,328,Fury,115210,,2026-02-01 14:33:43,5
2478,328,Mystère à la Tour Eiffel,171917,171917.0,2025-09-11 03:14:57,6
2479,328,Interview with the Vampire: The Vampire Chronicles,253,,2026-02-09 09:38:00,10
2480,328,"Boondock Saints, The",3275,,2026-08-21 15:06:12,7
2481,328,His Girl Friday,951,951.0,2026-03-22 22:09:49,3
2482,328,"Nutty Professor, The",788,,2026-08-21 16:00:38,4
2483,328,Raising Arizona,1394,1394.0,2025-10-12 08:05:00,9
2484,328,"Matrix Reloaded, The",6365,,2025-11-12 05:46:12,7
2485,328,Demolition Man,442,,2026-08-14 06:04:03,6
2486,328,"Few Good Men, A",2268,2268.0,2026-07-10 01:37:43,1
2487,328,"Shining, The",1258,,2026-04-06 05:10:40,2
2488,328,"Manchurian Candidate, The",1267,,2025-10-21 09:22:34,10
2489,328,"Cutting Edge, The",3270,,2026-06-17 03:00:39,7
2490,329,Winnie the Pooh and the Honey Tree,85259,,2026-05-08 03:34:21,9
2491,329,Chitty Chitty Bang Bang,7247,,2026-02-12 13:38:25,10
2492,329,Last Action Hero,485,485.0,2026-03-07 00:27:03,4
2493,329,Planet of the Apes,4643,,2025-10-01 12:39:55,8
2494,329,Meatballs,3040,,2025-11-21 15:22:02,5
2495,329,"Incredibles, The",8961,8961.0,2026-05-27 13:47:12,1
2496,329,"Deer Hunter, The",1263,1263.0,2025-10-02 16:56:01,2
2497,329,Talladega Nights: The Ballad of Ricky Bobby,46970,46970.0,2026-07-13 08:18:53,6
2498,329,Bedazzled,3968,3968.0,2026-06-02 11:39:35,2
2499,329,Iron Man,59315,,2026-08-12 06:17:58,7
2500,330,Planet of the Apes,4643,,2026-06-25 12:24:49,6
2501,330,Chinatown,1252,1252.0,2025-11-04 03:09:47,3
2502,330,"Stendhal Syndrome, The",8035,8035.0,2025-12-13 02:54:28,3
2503,330,Godzilla,111364,,2025-10-19 04:12:01,8
2504,330,Snake Eyes,2126,,2026-04-30 12:44:48,1
2505,330,Mrs. Doubtfire,500,500.0,2026-03-17 18:40:27,4
2506,330,Super 8,87306,87306.0,2026-04-20 05:35:01,2
2507,330,Train of Life,3003,,2026-04-26 18:06:33,10
2508,330,True Lies,380,380.0,2026-06-30 17:00:39,2
2509,330,Space Jam,673,,2026-05-31 17:33:23,7
2510,330,Psycho,1219,,2026-04-23 08:57:44,5
2511,331,"Godfather: Part II, The",1221,1221.0,2025-12-19 21:41:36,3
2512,331,Mrs. Doubtfire,500,500.0,2026-04-04 07:27:26,10
2513,331,Tron: Legacy,82461,82461.0,2026-08-02 15:51:27,3
2514,331,12 Angry Men,1203,,2026-02-16 15:14:48,7
2515,331,"Pope of Greenwich Village, The",2347,,2026-05-26 12:17:11,7
2516,331,"Aristocats, The",616,,2026-06-01 18:50:06,8
2517,331,Hotel Rwanda,30749,,2025-12-22 16:07:19,5
2518,331,Ted,95441,,2025-09-12 10:43:16,9
2519,332,Jurassic Park,480,,2025-11-09 08:34:41,10
2520,332,Night at the Museum: Secret of the Tomb,119155,,2025-10-03 01:08:46,9
2521,332,What Lies Beneath,3798,,2026-04-27 16:46:52,8
2522,332,Casino,16,16.0,2026-01-19 14:54:39,7
2523,332,Misery,3499,,2025-11-06 09:41:06,9
2524,332,Wanted,60072,,2026-08-28 20:52:39,10
2525,332,Big Hero 6,115617,,2025-10-31 11:35:33,7
2526,332,Europa Europa,6235,6235.0,2026-07-16 01:12:51,5
2527,332,Road to Perdition,5464,5464.0,2026-01-19 14:03:26,10
2528,332,"Fifth Element, The",1527,,2026-04-29 13:59:40,9
2529,332,Full Metal Jacket,1222,,2026-07-20 13:16:03,6
2530,332,Dead Men Don't Wear Plaid,2110,2110.0,2026-06-21 08:52:07,1
2531,332,Batman Forever,153,153.0,2026-06-24 09:05:11,5
2532,333,Face/Off,1573,1573.0,2026-05-05 14:21:04,1
2533,333,Toy Story,1,,2026-04-07 22:44:16,8
2534,333,Pulp Fiction,296,296.0,2026-04-26 11:22:27,2
2535,333,Forces of Nature,2558,,2026-01-27 12:40:26,10
2536,333,Birdman: Or,112183,112183.0,2025-11-21 09:34:31,2
2537,333,Things to Do in Denver When You're Dead,81,,2026-02-28 09:07:30,10
2538,333,Sling Blade,1358,,2026-08-18 07:07:45,1
2539,333,The Scorpion King,5313,5313.0,2026-01-18 22:09:00,9
2540,333,Schindler's List,527,527.0,2026-06-01 07:38:13,1
2541,333,"Illusionist, The",47610,,2026-04-26 14:49:18,9
2542,333,Back to the Future,1270,,2026-07-22 09:53:21,8
2543,334,X-Men: Days of Future Past,111362,111362.0,2025-12-09 14:41:42,6
2544,334,From Russia with Love,2948,,2025-10-18 17:17:36,10
2545,334,Dances with Wolves,590,590.0,2026-03-02 08:15:03,2
2546,334,In the Line of Fire,474,474.0,2025-10-02 22:12:27,4
2547,334,Red Beard,5498,5498.0,2026-01-29 09:42:38,4
2548,335,"Birds, The",1333,1333.0,2026-08-30 12:03:28,4
2549,335,Home Alone,586,,2025-11-06 15:37:09,10
2550,335,Star Trek: The Motion Picture,1371,1371.0,2026-03-27 04:54:47,7
2551,335,Road to Perdition,5464,,2026-05-27 16:04:44,6
2552,335,Cliffhanger,434,,2025-11-25 19:32:51,8
2553,335,Star Wars: Episode V - The Empire Strikes Back,1196,1196.0,2026-04-29 12:43:41,1
2554,335,Attack of the Killer Tomatoes!,2163,2163.0,2026-03-17 19:26:45,3
2555,335,Last Man Standing,996,,2026-03-14 18:09:07,10
2556,335,"Client, The",350,350.0,2025-11-21 23:23:33,9
2557,335,Unzipped,206,206.0,2026-06-26 14:10:50,5
2558,335,Hackers,170,170.0,2026-05-10 05:23:46,4
2559,336,"Hobbit: An Unexpected Journey, The",98809,,2026-01-28 20:07:28,4
2560,336,"Big Lebowski, The",1732,1732.0,2025-09-23 02:50:36,1
2561,336,Raging Bull,1228,,2025-10-23 19:27:06,9
2562,336,Red Dragon,5630,5630.0,2026-09-04 20:50:48,3
2563,336,"Lord of the Rings: The Fellowship of the Ring, The",4993,4993.0,2025-10-11 05:15:33,3
2564,336,Solaris,3503,3503.0,2026-04-20 18:12:27,10
2565,336,Jackass: The Movie,5785,,2026-05-19 23:48:45,1
2566,336,"Godfather, The",858,,2026-06-17 03:55:17,10
2567,336,"Sting, The",1234,1234.0,2026-05-31 16:30:46,4
2568,336,Chain Reaction,836,,2026-07-17 09:15:25,8
2569,336,"Blue Lagoon, The",2950,2950.0,2026-06-28 01:52:41,2
2570,337,Forrest Gump,356,,2026-06-26 05:09:39,10
2571,337,Psycho,1219,,2026-04-19 18:36:29,8
2572,337,Blade,2167,2167.0,2026-04-06 15:50:13,3
2573,337,Star Trek: Nemesis,5944,5944.0,2025-09-24 06:10:16,6
2574,337,The Adventures of Sherlock Holmes and Doctor Watson: The Treasures of Agra,147286,,2026-01-19 04:28:27,7
2575,337,Camille Claudel,4484,4484.0,2025-12-28 19:09:08,1
2576,337,"Usual Suspects, The",50,,2025-11-01 15:23:01,7
2577,337,"Usual Suspects, The",50,50.0,2026-02-10 06:59:21,5
2578,338,In the Line of Fire,474,,2025-10-15 10:26:01,10
2579,338,Brazil,1199,1199.0,2025-12-22 16:47:43,2
2580,338,"Little Rascals, The",575,575.0,2025-11-03 16:32:48,6
2581,339,"Crouching Tiger, Hidden Dragon",3996,3996.0,2025-10-06 16:39:05,4
2582,339,"Hunt for Red October, The",1610,,2026-04-27 22:05:43,9
2583,339,Red Sonja,2373,2373.0,2025-11-19 07:16:05,7
2584,339,Stuart Little,3157,3157.0,2026-07-25 07:16:27,3
2585,339,Hook,3489,3489.0,2026-07-15 06:50:09,4
2586,340,"Shawshank Redemption, The",318,,2025-09-25 04:05:24,10
2587,341,Independence Day,780,780.0,2025-09-27 18:57:58,5
2588,341,Mission: Impossible II,3623,3623.0,2025-11-18 23:46:56,1
2589,341,Species,196,,2026-04-03 21:47:48,10
2590,341,Highlander,1275,1275.0,2025-10-17 14:14:38,3
2591,341,Young Sherlock Holmes,2414,2414.0,2025-11-13 14:10:28,1
2592,342,"10,000 BC",58293,,2025-09-17 20:48:15,9
2593,342,Hot Shots! Part Deux,466,,2025-10-11 14:31:11,10
2594,342,"Lovers of the Arctic Circle, The",2585,2585.0,2025-09-22 09:32:05,2
2595,342,Welcome to Sarajevo,1670,,2025-12-29 11:19:19,3
2596,342,"I, Robot",8644,8644.0,2026-04-22 20:55:21,4
2597,343,Emma,838,,2025-10-18 01:31:15,10
2598,343,Raging Bull,1228,,2025-09-30 23:20:26,8
2599,343,"Baby-Sitters Club, The",343,,2025-11-11 05:52:25,7
2600,343,"Man Who Knew Too Much, The",2183,2183.0,2025-12-07 17:36:06,6
2601,343,"Christmas Story, A",2804,,2026-01-15 23:21:52,1
2602,343,"Last Emperor, The",1960,1960.0,2026-08-09 09:09:54,1
2603,343,Ghost Rider,51077,,2026-01-30 20:13:27,7
2604,343,Memories of Me,6310,6310.0,2026-06-09 09:05:46,1
2605,343,Up Close and Personal,140,,2025-10-01 16:14:50,9
2606,343,X2: X-Men United,6333,,2026-01-22 19:45:06,4
2607,343,Powder,24,24.0,2026-05-23 07:43:52,3
2608,344,Renaissance Man,516,516.0,2026-02-14 01:46:49,3
2609,344,Beetlejuice,2174,2174.0,2026-06-09 06:13:34,1
2610,344,Thank You for Smoking,44195,,2026-03-07 19:57:21,8
2611,344,Rent,40826,,2026-05-17 10:58:57,8
2612,345,"Full Monty, The",1641,1641.0,2026-05-10 09:48:57,2
2613,345,Amores Perros,4235,4235.0,2026-04-11 05:21:40,1
2614,345,Mr. Smith Goes to Washington,954,,2026-02-10 11:06:17,8
2615,345,Dogma,3052,3052.0,2026-04-07 18:10:18,5
2616,345,Jurassic Park,480,480.0,2026-06-07 15:39:15,2
2617,345,Die Another Day,5872,5872.0,2026-03-21 18:03:48,7
2618,345,"Mummy Returns, The",4270,4270.0,2025-11-03 17:52:16,1
2619,345,Swingers,1060,,2026-07-20 17:08:51,7
2620,345,"Incredibles, The",8961,,2026-06-08 03:16:38,2
2621,345,Fried Green Tomatoes,1271,1271.0,2026-01-26 15:36:34,1
2622,345,"Walk in the Clouds, A",207,207.0,2025-11-08 08:19:22,3
2623,345,Human Nature,5298,,2026-04-07 19:10:33,8
2624,345,Boccaccio '70,32917,32917.0,2025-12-15 10:05:04,2
2625,346,Transformers,53996,53996.0,2026-06-30 10:48:51,2
2626,346,Stargate,316,,2026-04-09 19:58:18,3
2627,346,Tombstone,553,553.0,2025-10-15 13:43:56,1
2628,346,Cinemania,6368,6368.0,2026-05-16 00:45:47,7
2629,346,Borat: Cultural Learnings of America for Make Benefit Glorious Nation of Kazakhstan,48385,48385.0,2026-05-26 14:27:26,5
2630,346,Daylight,798,798.0,2026-07-09 12:50:27,2
2631,346,American History X,2329,2329.0,2026-07-06 09:41:09,9
2632,346,Crumb,162,162.0,2025-09-16 23:10:43,9
2633,347,Amores Perros,4235,,2026-05-21 22:00:06,7
2634,347,Toys,2253,,2026-08-30 06:16:08,4
2635,347,Ghost Dog: The Way of the Samurai,3328,3328.0,2025-12-19 09:59:36,5
2636,347,Independence Day,780,780.0,2026-01-20 20:57:40,4
2637,347,Underworld: Evolution,42738,42738.0,2026-01-24 04:48:49,8
2638,347,Joy Ride,4821,,2026-01-28 15:54:48,7
2639,347,House on Haunted Hill,2995,,2026-08-25 20:51:03,8
2640,347,Touch of Evil,1248,1248.0,2026-06-29 13:39:40,6
2641,347,2 Guns,103883,103883.0,2026-07-21 06:11:38,8
2642,347,Enter the Dragon,7482,7482.0,2025-11-11 10:28:49,4
2643,347,Lost in Translation,6711,,2025-10-17 05:35:23,4
2644,347,"Breakfast Club, The",1968,1968.0,2026-06-03 22:19:18,6
2645,347,Cliffhanger,434,434.0,2025-12-23 17:29:45,1
2646,347,Saving Private Ryan,2028,,2025-12-11 06:43:53,2
2647,348,Nell,282,,2026-02-23 14:47:29,6
2648,349,Gothika,6952,,2026-06-17 01:54:45,2
2649,349,Up,68954,68954.0,2026-06-20 13:57:34,6
2650,349,Get Shorty,21,,2026-05-30 17:50:33,9
2651,349,Star Trek II: The Wrath of Khan,1374,1374.0,2026-04-18 14:39:19,3
2652,349,Billy Jack Goes to Washington,3958,,2026-07-21 14:55:36,1
2653,350,Signs,5502,,2026-08-27 05:56:57,6
2654,350,Memento,4226,4226.0,2025-10-22 14:17:31,5
2655,350,How to Train Your Dragon,76093,76093.0,2025-12-29 19:15:45,6
2656,350,"Birdcage, The",141,,2026-04-11 13:14:01,1
2657,350,X-Men: Days of Future Past,111362,,2026-08-25 23:53:31,8
2658,350,What's Eating Gilbert Grape,337,337.0,2026-03-12 23:51:31,3
2659,350,Toy Story 2,3114,3114.0,2025-10-08 17:40:26,2
2660,350,Blade Runner,541,,2026-03-14 04:52:29,2
2661,350,"Maltese Falcon, The",8228,8228.0,2025-09-23 09:07:05,4
2662,350,Of Mice and Men,3271,,2026-08-21 18:37:55,3
2663,350,Fast & Furious,67923,67923.0,2026-04-19 08:36:01,7
2664,350,America's Sweethearts,4639,,2025-12-28 03:50:04,7
2665,350,Zombieland,71535,,2026-02-09 20:26:33,9
2666,351,Beauty and the Beast,595,595.0,2026-04-14 06:13:16,1
2667,351,Singin' in the Rain,899,,2025-12-07 08:58:45,9
2668,351,"Twilight Samurai, The",27741,27741.0,2026-08-11 12:23:17,2
2669,351,Milk Money,276,,2025-10-27 12:38:17,8
2670,351,Harry Potter and the Prisoner of Azkaban,8368,8368.0,2026-04-25 19:22:56,4
2671,352,Terminator 2: Judgment Day,589,,2026-07-16 14:29:17,7
2672,352,This Is England,52952,52952.0,2026-09-08 10:41:05,5
2673,352,"Dancer, Texas Pop. 81",1870,1870.0,2026-01-27 04:35:54,9
2674,352,"Hard Way, The",6994,,2026-01-08 08:04:53,10
2675,352,"Truman Show, The",1682,,2026-03-03 10:20:43,8
2676,352,Man on the Moon,3174,,2026-06-29 08:21:03,10
2677,352,Sister Act 2: Back in the Habit,3248,3248.0,2026-03-19 00:48:34,5
2678,352,"Net, The",185,185.0,2025-09-10 13:45:07,3
2679,352,Requiem for a Dream,3949,,2025-10-18 20:43:03,8
2680,352,Who Framed Roger Rabbit?,2987,2987.0,2026-05-11 10:43:03,2
2681,352,Sneakers,1396,,2026-06-23 00:46:00,6
2682,352,What Lies Beneath,3798,3798.0,2026-07-19 01:33:39,9
2683,352,Observe and Report,67695,67695.0,2025-12-09 23:06:42,1
2684,353,Death Proof,53519,53519.0,2026-06-25 07:33:42,4
2685,353,Brother's Keeper,6612,,2025-11-16 14:18:22,5
2686,353,"Lord of the Rings: The Fellowship of the Ring, The",4993,4993.0,2026-01-08 05:52:06,8
2687,354,Witness,1674,,2026-02-23 12:18:25,6
2688,354,Do the Right Thing,3424,3424.0,2026-05-02 16:13:28,9
2689,354,"French Connection, The",1953,,2026-06-01 16:53:34,6
2690,354,Strange Days,198,198.0,2026-04-19 09:10:14,7
2691,355,Searching for Bobby Fischer,529,529.0,2026-04-19 19:11:37,3
2692,355,"Dark Knight Rises, The",91529,91529.0,2026-05-06 10:38:14,8
2693,355,"Kid, The",3784,3784.0,2026-03-21 01:11:44,2
2694,355,Bullets Over Broadway,348,,2026-07-06 22:32:28,1
2695,355,High Fidelity,3481,3481.0,2026-01-10 03:45:39,8
2696,355,Interstellar,109487,,2026-04-27 10:42:30,9
2697,355,"Shawshank Redemption, The",318,,2026-05-07 04:18:56,6
2698,355,Magnolia,3160,3160.0,2025-12-01 19:55:44,3
2699,355,Pulp Fiction,296,296.0,2026-03-08 19:14:09,5
2700,355,Syriana,40583,40583.0,2026-05-31 07:53:03,3
2701,356,"Lock, Stock & Two Smoking Barrels",2542,,2026-08-16 02:41:56,4
2702,356,Die Hard 2,1370,1370.0,2026-06-11 22:08:16,1
2703,356,Ravenous,2560,2560.0,2026-07-01 08:03:05,4
2704,356,Police Academy 6: City Under Siege,2383,2383.0,2026-01-03 18:13:29,1
2705,356,Austin Powers in Goldmember,5481,,2026-04-09 10:00:47,9
2706,356,Max Manus,70451,70451.0,2026-06-07 15:16:58,4
2707,356,Pulp Fiction,296,,2025-11-27 12:49:10,7
2708,356,Kung Fu Panda,59784,,2026-04-27 14:59:09,7
2709,356,Unforgiven,1266,,2026-08-29 14:24:28,7
2710,357,School of Rock,6863,,2026-01-02 21:10:14,6
2711,357,Raiders of the Lost Ark,1198,1198.0,2026-08-25 05:02:37,5
2712,357,Mighty Aphrodite,52,52.0,2026-07-16 07:23:46,3
2713,357,"Spring, Summer, Fall, Winter... and Spring",8014,,2026-08-29 19:13:52,10
2714,357,Broken Arrow,95,,2026-07-24 18:56:36,9
2715,357,Cool Hand Luke,1276,,2026-08-03 17:21:57,7
2716,357,"Truman Show, The",1682,,2025-09-26 16:49:31,6
2717,357,Jackass: The Movie,5785,5785.0,2026-05-14 12:30:32,3
2718,357,The Hunger Games: Catching Fire,106487,,2026-02-28 08:20:42,10
2719,357,"Night of the Hunter, The",7013,7013.0,2026-04-26 06:26:03,3
2720,357,I Am Legend,56174,56174.0,2025-10-05 08:44:48,9
2721,357,"Blues Brothers, The",1220,,2026-07-19 15:22:05,8
2722,357,Signs,5502,5502.0,2025-12-18 02:37:11,5
2723,358,"Princess Bride, The",1197,1197.0,2026-01-04 09:00:11,2
2724,358,Seven,47,,2026-07-24 20:12:23,9
2725,358,Crazy/Beautiful,4372,4372.0,2026-07-28 21:54:44,2
2726,358,Reservoir Dogs,1089,,2026-01-22 08:24:37,5
2727,358,Planet of the Apes,4643,,2025-12-27 14:00:49,7
2728,358,Dreamscape,3770,3770.0,2026-05-03 06:17:16,2
2729,358,"Player, The",2289,,2026-03-12 09:26:34,10
2730,358,"Man from Earth, The",55908,55908.0,2026-03-16 19:57:36,3
2731,358,Jumpin' Jack Flash,2468,2468.0,2025-10-19 23:55:04,4
2732,358,"American in Paris, An",900,900.0,2026-06-09 00:02:34,2
2733,358,Braveheart,110,110.0,2025-09-25 09:39:31,5
2734,358,"Mummy, The",2633,,2026-07-12 03:09:36,5
2735,359,"Mosquito Coast, The",2734,,2026-02-15 07:17:07,9
2736,360,Foul Play,7107,7107.0,2025-12-10 00:44:53,2
2737,360,Hairspray,52975,,2025-12-20 11:00:18,3
2738,360,Muppet Treasure Island,107,107.0,2026-03-31 14:08:00,4
2739,360,"Lord of the Rings: The Fellowship of the Ring, The",4993,,2026-07-20 01:52:31,7
2740,360,When Harry Met Sally...,1307,1307.0,2026-07-23 15:32:43,5
2741,360,Rush Hour,2273,2273.0,2025-12-01 20:55:10,8
2742,360,"Godfather, The",858,,2026-04-26 10:49:39,10
2743,360,Shanghai Triad,30,,2026-01-06 14:10:27,8
2744,360,Donnie Brasco,1466,,2026-01-02 11:04:05,10
2745,360,The Intern,140110,140110.0,2026-02-01 16:18:40,9
2746,361,Whisper of the Heart,26903,,2026-05-23 23:50:18,7
2747,361,Christopher Columbus: The Discovery,70703,,2025-11-26 00:44:50,2
2748,361,Twelve Monkeys,32,32.0,2026-07-12 10:03:49,4
2749,361,"Journey of Natty Gann, The",2077,2077.0,2026-05-20 01:15:10,6
2750,361,Dracula,2644,2644.0,2026-08-10 09:28:19,1
2751,361,Chicken Run,3751,,2025-11-21 04:41:51,6
2752,361,Saving Private Ryan,2028,2028.0,2026-01-03 23:04:58,2
2753,361,Sixteen Candles,2144,2144.0,2026-08-04 18:06:05,1
2754,362,Natural Born Killers,288,288.0,2026-06-26 15:20:48,6
2755,362,Invictus,72733,72733.0,2025-09-27 05:57:55,6
2756,362,Star Wars: Episode VI - Return of the Jedi,1210,1210.0,2025-11-30 02:10:22,4
2757,362,Batman & Robin,1562,1562.0,2025-12-04 18:35:37,3
2758,362,Wallace & Gromit in The Curse of the Were-Rabbit,38038,,2026-06-26 00:04:12,1
2759,362,Jurassic Park,480,,2026-06-21 19:27:42,9
2760,362,"Shawshank Redemption, The",318,,2026-05-13 11:11:05,8
2761,363,"Karate Kid, The",2420,2420.0,2025-09-14 06:24:52,7
2762,363,Star Wars: Episode V - The Empire Strikes Back,1196,1196.0,2026-05-17 15:40:08,10
2763,363,True Lies,380,380.0,2026-01-09 09:37:41,4
2764,364,"Sure Thing, The",6636,6636.0,2026-02-26 10:43:38,6
2765,364,Robot & Frank,96655,96655.0,2025-10-13 11:16:02,4
2766,364,"Lion King, The",364,,2026-01-17 13:53:17,5
2767,364,Fargo,608,,2026-06-28 10:36:01,4
2768,364,Beverly Hills Cop,4085,4085.0,2025-11-22 04:51:22,8
2769,364,"Lock, Stock & Two Smoking Barrels",2542,2542.0,2026-06-17 06:10:32,3
2770,364,"Crouching Tiger, Hidden Dragon",3996,,2025-09-15 23:13:57,6
2771,365,Pi,1921,,2025-09-24 14:27:21,10
2772,365,2001: A Space Odyssey,924,924.0,2026-03-05 16:36:32,1
2773,365,Schindler's List,527,,2026-05-24 23:04:16,10
2774,365,Stand by Me,1259,1259.0,2025-11-27 18:45:25,4
2775,365,Pulp Fiction,296,,2025-10-23 19:35:17,8
2778,365,"Planes, Trains & Automobiles",4002,4002.0,2026-09-05 10:13:31,8
2779,366,Sherlock Holmes,73017,73017.0,2026-08-18 02:12:19,5
2780,366,Catch Me If You Can,5989,,2025-11-03 09:43:45,10
2781,366,E.T. the Extra-Terrestrial,1097,1097.0,2026-04-28 13:46:55,3
2782,366,Clueless,39,,2025-11-29 09:56:55,10
2783,367,Four Days in September,1759,,2025-10-09 16:58:27,9
2784,367,Big Fish,7147,7147.0,2026-01-04 23:22:38,6
2785,367,To Catch a Thief,933,933.0,2026-05-30 03:32:20,8
2786,367,American Beauty,2858,2858.0,2026-08-20 09:55:42,3
2787,367,Spider-Man,5349,,2026-01-21 03:47:55,9
2788,367,Harry Potter and the Deathly Hallows: Part 1,81834,81834.0,2026-08-15 17:38:55,2
2789,367,Transcendence,110730,110730.0,2026-03-18 14:02:54,3
2790,367,Star Wars: Episode I - The Phantom Menace,2628,,2026-01-09 00:33:42,9
2791,367,Along Came Polly,7173,7173.0,2026-07-30 01:30:51,2
2792,367,"Adventures of Priscilla, Queen of the Desert, The",345,345.0,2026-07-25 22:07:35,10
2793,367,Marnie,2181,,2026-06-19 04:31:20,4
2794,367,Star Wars: Episode VI - Return of the Jedi,1210,,2026-08-09 18:38:36,8
2795,367,Waterworld,208,,2026-05-06 18:24:32,4
2796,368,Die Hard,1036,1036.0,2026-02-04 23:55:46,6
2797,368,Star Trek: First Contact,1356,,2026-07-12 16:09:24,6
2798,368,Superman,2640,2640.0,2026-08-19 04:31:48,5
2799,368,Brazil,1199,1199.0,2026-06-06 15:25:43,4
2800,369,Reservoir Dogs,1089,,2026-04-11 12:00:04,2
2801,369,Monty Python's Life of Brian,1080,,2026-07-22 11:22:14,8
2802,369,Clerks,223,223.0,2026-01-26 21:44:56,2
2803,369,Batman Begins,33794,,2025-11-10 07:51:11,9
2804,369,"Flintstones, The",355,355.0,2025-11-27 15:28:18,2
2805,369,Ice Age 2: The Meltdown,44022,,2026-01-11 15:32:38,7
2806,369,Annie Hall,1230,,2026-02-08 04:03:14,2
2807,369,Forrest Gump,356,356.0,2025-11-29 17:18:10,1
2808,369,Swimming Pool,6538,6538.0,2025-09-10 17:08:16,3
2809,370,RoboCop 3,519,519.0,2026-07-25 14:51:27,9
2810,370,28 Days Later,6502,6502.0,2025-11-06 05:38:50,1
2811,370,Wallace & Gromit: A Close Shave,745,745.0,2026-04-02 09:07:51,5
2812,370,Gladiator,3578,3578.0,2026-08-28 21:13:08,7
2813,370,You've Got Mail,2424,,2026-09-01 04:06:29,5
2814,370,Dangerous Minds,31,31.0,2025-12-12 03:06:04,7
2815,370,10 Things I Hate About You,2572,,2026-01-19 08:24:38,10
2816,370,Jurassic Park,480,480.0,2026-03-11 18:05:34,1
2817,370,"Lord of the Rings: The Two Towers, The",5952,5952.0,2026-06-09 20:07:57,7
2818,370,Shanghai Noon,3624,,2026-09-06 05:42:06,10
2819,370,Double Jeopardy,2881,2881.0,2026-07-13 05:50:50,7
2820,370,Cube 2: Hypercube,27482,27482.0,2026-07-07 23:11:28,2
2821,371,Spider-Man,5349,5349.0,2026-03-17 16:42:28,1
2822,371,3:10 to Yuma,54997,54997.0,2026-03-21 06:33:40,4
2823,371,Halloween,1982,1982.0,2026-03-13 04:06:55,4
2824,371,Doctor Strange,122922,,2025-12-05 21:31:05,8
2825,372,One Crazy Summer,2261,2261.0,2026-02-08 13:04:22,1
2826,372,Walk the Line,40819,40819.0,2025-10-15 12:50:21,9
2827,372,Waiting...,37384,,2026-01-09 22:51:56,7
2828,372,Shakespeare in Love,2396,,2026-08-31 07:43:00,4
2829,373,"Lord of the Rings: The Two Towers, The",5952,,2025-09-28 13:03:09,10
2830,373,Warcraft,122890,122890.0,2026-02-24 13:45:54,1
2831,373,Desperate Measures,1598,1598.0,2025-09-29 09:55:01,2
2832,373,"Sex, Lies, and Videotape",1186,,2025-10-08 22:18:56,6
2833,373,This Is Spinal Tap,1288,,2026-05-24 05:09:47,5
2834,374,Resident Evil,5219,,2026-04-17 15:55:16,9
2835,374,Maverick,368,,2026-04-02 13:21:43,10
2836,374,Happy Gilmore,104,104.0,2025-10-28 15:01:17,2
2837,374,Shrek,4306,4306.0,2025-12-02 13:23:32,5
2838,374,Crash,33166,33166.0,2025-09-10 10:07:36,6
2839,374,Indiana Jones and the Temple of Doom,2115,,2026-06-14 21:08:10,9
2840,374,Beetlejuice,2174,,2026-06-17 08:47:19,10
2841,375,"Lord of the Rings: The Fellowship of the Ring, The",4993,,2025-10-07 00:00:02,6
2842,375,Pirates of the Caribbean: The Curse of the Black Pearl,6539,6539.0,2026-08-04 03:43:48,6
2843,375,"Hangover Part II, The",86911,86911.0,2026-06-25 04:10:35,9
2844,375,Time After Time,5544,5544.0,2026-04-12 01:20:43,4
2845,375,Life of Pi,97938,,2026-03-24 10:15:34,8
2846,375,For Your Eyes Only,2989,2989.0,2026-08-20 08:17:31,2
2847,375,"NeverEnding Story, The",2161,2161.0,2025-12-06 19:54:00,5
2848,375,Flashdance,2942,2942.0,2026-05-25 13:02:20,1
2849,375,Gremlins,2003,2003.0,2026-07-01 08:45:55,7
2850,375,Just Friends,40581,,2026-05-15 17:45:24,3
2851,375,Critters,4492,4492.0,2026-06-17 15:02:00,2
2852,375,Bob Roberts,1171,,2026-03-31 19:06:07,7
2853,375,"Great Dictator, The",1281,1281.0,2025-10-11 19:45:17,8
2854,376,Apollo 13,150,,2026-02-01 15:56:03,9
2855,376,Butch Cassidy and the Sundance Kid,1304,1304.0,2026-01-11 14:47:37,3
2856,376,Witness,1674,1674.0,2026-07-11 11:56:28,1
2857,376,Casablanca,912,,2026-05-17 16:28:31,10
2858,376,Richard III,41,41.0,2026-03-18 09:11:53,6
2859,376,"Game, The",1625,,2026-07-24 06:54:46,10
2860,376,Donnie Brasco,1466,,2026-08-02 17:22:53,8
2861,376,Catch Me If You Can,5989,5989.0,2026-03-23 15:06:23,6
2862,376,"Dark Knight Rises, The",91529,91529.0,2026-07-15 22:07:18,5
2863,376,"Bourne Identity, The",5418,5418.0,2026-03-23 03:38:00,1
2864,376,"Babysitter, The",217,,2026-03-16 13:46:53,2
2865,377,Inside Out,134853,,2026-02-17 21:59:55,5
2866,377,Big Fish,7147,7147.0,2025-12-20 16:03:04,4
2867,377,Catch Me If You Can,5989,,2026-02-25 10:00:03,5
2868,377,Batman: Gotham Knight,60979,60979.0,2026-01-21 12:43:02,6
2869,378,Sherlock Holmes,73017,73017.0,2026-02-01 02:00:05,1
2870,378,Charlie's Angels,3977,3977.0,2025-09-14 03:55:56,6
2871,378,Heat,6,,2026-02-02 19:24:46,8
2872,378,"Island, The",34319,,2026-05-30 15:56:45,5
2873,378,"Sisterhood of the Traveling Pants, The",33669,33669.0,2026-06-02 05:59:29,4
2874,378,Sabrina,7,7.0,2025-10-28 01:12:35,2
2875,378,"Usual Suspects, The",50,,2026-03-21 01:08:25,6
2876,378,Dream for an Insomniac,1902,,2026-07-07 04:08:23,5
2877,378,Harry Potter and the Deathly Hallows: Part 1,81834,,2025-11-18 22:56:20,4
2878,378,MirrorMask,37857,37857.0,2026-07-14 01:14:58,2
2879,378,"Princess Bride, The",1197,1197.0,2025-10-20 10:20:09,10
2880,378,"Rock, The",733,,2025-09-26 16:44:40,7
2881,378,Quo Vadis,33781,,2026-02-25 10:53:19,8
2882,379,Roxanne,8623,8623.0,2026-03-29 02:23:24,3
2883,379,National Lampoon's Van Wilder,5283,5283.0,2025-11-21 08:33:40,4
2884,379,Hard Candy,44974,44974.0,2026-05-01 01:35:49,4
2885,379,Maverick,368,368.0,2025-11-01 07:06:14,7
2886,379,Terminator Salvation,68791,,2026-07-14 15:01:29,4
2887,379,Scrooged,3087,3087.0,2025-12-23 11:04:59,1
2888,379,"Indian in the Cupboard, The",60,,2026-04-15 10:33:29,8
2889,379,"Duchess, The",62293,,2025-09-15 14:49:27,7
2890,379,"Calcium Kid, The",34312,,2026-04-29 15:03:08,10
2891,379,Avatar,72998,,2025-09-18 16:50:44,5
2892,379,Shanghai Knights,6156,6156.0,2026-03-05 03:27:06,8
2893,380,"Paris, I Love You",50912,,2026-02-25 07:58:07,10
2894,380,"Lord of the Rings: The Fellowship of the Ring, The",4993,4993.0,2025-09-12 21:05:36,2
2895,380,Mortal Kombat,44,,2026-07-17 03:12:08,10
2896,380,Pirates of the Caribbean: The Curse of the Black Pearl,6539,6539.0,2026-08-20 02:54:02,5
2897,380,Vertigo,903,,2026-06-23 23:37:16,6
2898,380,Fahrenheit 9/11,8622,8622.0,2026-06-01 22:45:35,3
2899,380,Airplane!,2791,2791.0,2026-05-19 14:18:16,2
2900,380,Jumper,58025,58025.0,2025-11-26 03:27:07,3
2901,380,Carrie,1345,1345.0,2026-02-20 22:37:13,7
2902,380,Sgt. Bilko,637,637.0,2026-01-14 22:03:17,4
2903,380,Phone Booth,6281,,2026-01-29 22:45:39,8
2904,380,Shaolin Soccer,6618,,2026-07-28 14:06:17,5
2905,380,"Fugitive, The",457,,2026-03-29 09:23:56,5
2906,381,Speed,377,377.0,2026-02-16 18:11:09,6
2907,381,"Fugitive, The",457,,2026-04-13 10:12:52,10
2908,381,Big Daddy,2694,2694.0,2026-07-15 11:00:54,8
2909,381,"Game, The",1625,,2026-06-19 17:04:47,5
2910,381,Little Miss Sunshine,46578,46578.0,2026-05-13 08:11:23,7
2911,381,Marley & Me,65230,65230.0,2026-07-12 08:00:42,6
2912,381,Ghostbusters,2716,,2026-07-01 14:59:41,5
2913,382,Rocky Balboa,49651,,2026-04-12 23:09:10,10
2914,382,"Godfather, The",858,858.0,2026-08-14 15:10:17,6
2915,382,Troll 2,70946,,2026-09-07 10:18:35,6
2916,382,Ant-Man and the Wasp,188301,188301.0,2025-12-09 02:00:18,8
2917,382,E.T. the Extra-Terrestrial,1097,,2025-11-01 08:24:59,6
2918,382,"Italian Job, The",6378,,2026-07-12 11:00:55,6
2919,382,Never Back Down,58627,58627.0,2026-05-27 21:26:43,7
2920,382,Terminator 2: Judgment Day,589,,2026-05-09 00:00:19,4
2921,382,"Knight's Tale, A",4299,4299.0,2025-09-18 05:43:19,2
2922,382,"Night Porter, The",2074,,2025-09-16 12:23:25,10
2923,382,Thunderball,2993,,2026-05-06 00:43:47,7
2924,383,Con Air,1552,,2026-06-24 19:00:04,8
2925,383,30 Days of Night,55282,,2026-06-22 17:08:40,6
2926,384,Gettysburg,4047,,2025-09-29 11:24:21,3
2927,384,I Heart Huckabees,8910,,2025-12-18 10:21:32,8
2928,384,In This World,6760,6760.0,2025-10-15 15:47:02,9
2929,384,Fantastic Voyage,3927,,2026-04-03 13:32:28,8
2930,384,Battlestar Galactica: Razor,56921,56921.0,2026-07-12 04:13:48,5
2931,384,Sherlock Holmes: A Game of Shadows,91542,,2025-10-24 14:13:09,10
2932,384,Casino Royale,49272,49272.0,2026-08-21 09:02:21,6
2933,384,"Grifters, The",1179,1179.0,2025-09-10 04:16:36,7
2934,384,Scent of a Woman,3252,,2026-08-29 12:35:42,4
2935,384,"Big Lebowski, The",1732,,2026-09-01 14:44:27,7
2936,384,Delivery Man,106540,,2026-05-05 17:36:39,8
2937,384,"I, Robot",8644,8644.0,2026-03-19 14:13:54,3
2938,384,"Sixth Sense, The",2762,2762.0,2025-09-10 01:22:03,10
2939,385,"Aviator, The",30812,30812.0,2025-09-24 04:47:12,8
2940,385,Spotlight,142488,142488.0,2025-09-26 16:35:01,1
2941,385,Commando,6664,6664.0,2026-01-01 06:59:51,5
2942,385,"Dark Knight, The",58559,,2026-05-02 22:47:32,8
2943,385,Daylight,798,798.0,2026-04-11 15:14:02,4
2944,385,No Man's Land,4967,4967.0,2026-07-25 18:56:25,5
2945,385,"Road to El Dorado, The",3483,3483.0,2025-09-20 13:11:18,10
2946,385,Catch Me If You Can,5989,5989.0,2026-04-22 11:48:07,8
2947,385,"English Patient, The",1183,1183.0,2026-07-06 11:53:09,2
2948,385,Addams Family Values,410,410.0,2026-06-17 08:22:20,3
2949,385,Django Unchained,99114,,2025-10-25 14:23:12,8
2950,386,"Godfather: Part III, The",2023,2023.0,2026-06-23 19:48:49,1
2951,386,Those Magnificent Men in Their Flying Machines,7394,7394.0,2026-07-17 05:31:02,8
2952,386,Kiss Kiss Bang Bang,38061,38061.0,2025-12-25 07:30:14,5
2953,386,Jumpin' Jack Flash,2468,2468.0,2026-02-26 08:57:23,3
2954,386,"Sound of Music, The",1035,1035.0,2026-04-16 02:22:54,2
2955,386,"Net, The",185,,2026-09-04 06:53:54,8
2956,386,Punch-Drunk Love,5673,,2026-03-12 20:57:35,6
2957,386,"Time Machine, The",5171,5171.0,2026-01-06 14:01:49,6
2958,386,Speed,377,,2026-03-31 13:21:25,8
2959,386,Kill Bill: Vol. 1,6874,6874.0,2026-07-14 15:29:03,5
2960,387,Dead Man Walking,36,,2026-01-20 15:56:06,10
2961,387,Hostel,42723,,2026-03-26 05:05:52,8
2962,387,Rust and Bone,97024,,2026-08-14 13:48:09,1
2963,387,Sing,167036,167036.0,2025-10-01 18:18:19,5
2964,387,Seven,47,47.0,2026-06-29 19:01:27,3
2965,388,"Avengers, The",89745,89745.0,2026-03-10 06:17:37,6
2966,388,"Lord of the Rings: The Return of the King, The",7153,7153.0,2025-10-14 19:32:49,1
2967,388,Cowboys & Aliens,83613,83613.0,2026-02-28 02:31:13,1
2968,388,"Sandlot, The",5103,,2026-01-20 02:38:16,8
2969,388,Die Hard: With a Vengeance,165,,2025-09-16 19:14:16,9
2970,388,"Blues Brothers, The",1220,1220.0,2025-11-16 17:31:27,5
2971,389,"Money Pit, The",2375,,2026-04-10 19:52:50,5
2972,389,Maverick,368,368.0,2026-01-26 23:25:16,10
2973,389,"Corruptor, The",2540,2540.0,2026-03-06 05:38:10,4
2974,389,Family Business,4593,,2026-04-10 12:58:05,9
2975,389,Dead Man Walking,36,36.0,2026-07-03 21:08:56,1
2976,389,Remember the Titans,3916,,2025-12-11 22:13:36,10
2977,389,Orlando,506,,2025-10-30 03:28:20,4
2978,389,"Lord of the Rings: The Return of the King, The",7153,7153.0,2026-06-07 18:30:40,1
2979,389,Spirited Away,5618,,2026-05-05 16:15:05,8
2980,389,Who's Afraid of Virginia Woolf?,2132,,2025-10-23 11:16:31,6
2981,389,"Greatest Game Ever Played, The",37739,37739.0,2026-01-14 08:00:54,7
2982,389,"Adventures of Priscilla, Queen of the Desert, The",345,345.0,2025-12-31 07:34:51,1
2983,390,Arrival,164179,,2026-01-26 14:42:39,10
2984,390,House of Flying Daggers,8983,8983.0,2026-04-14 21:40:56,9
2985,390,Avatar,72998,,2026-05-06 01:31:25,5
2986,390,Madagascar,33615,33615.0,2026-01-19 12:11:20,7
2987,390,"Limey, The",2912,2912.0,2026-01-25 10:32:33,5
2988,390,"Graduate, The",1247,,2025-12-16 10:07:56,9
2989,390,Cool Hand Luke,1276,1276.0,2026-01-29 02:10:55,2
2990,390,A Quiet Place,185029,,2025-10-05 14:17:12,6
2991,390,Mission: Impossible,648,648.0,2025-12-07 21:14:06,5
2992,390,Homeward Bound: The Incredible Journey,1015,1015.0,2026-04-22 07:57:44,2
2993,390,Star Trek,68358,68358.0,2025-10-19 23:39:15,1
2994,390,"Ref, The",514,514.0,2026-04-12 03:45:09,2
2995,390,Toy Story 2,3114,,2026-01-19 21:45:26,3
2996,390,Sense and Sensibility,17,17.0,2025-09-08 17:30:27,4
2997,391,Eternal Sunshine of the Spotless Mind,7361,7361.0,2025-12-16 09:34:17,5
2998,391,"French Connection, The",1953,1953.0,2026-05-05 01:50:25,1
2999,391,American History X,2329,,2025-10-11 11:07:27,10
3000,391,Aladdin,588,,2025-09-14 02:29:39,9
3001,391,My Girl,5970,,2026-07-23 02:54:55,9
3002,391,Aladdin,588,,2026-04-20 16:14:40,9
3003,391,Life as We Know It,80860,80860.0,2026-07-31 00:14:57,1
3004,391,"Losers, The",77364,,2026-08-20 12:21:48,8
3005,391,Spider-Man 2,8636,8636.0,2026-03-17 05:17:22,5
3006,391,Fantastic Four: Rise of the Silver Surfer,53464,,2026-05-06 23:44:56,9
3007,391,Shallow Hal,4890,4890.0,2025-12-16 11:12:41,2
3008,391,Good Will Hunting,1704,,2025-12-13 15:21:56,10
3009,391,Gangs of New York,5956,,2026-04-08 02:48:22,10
3010,392,High Fidelity,3481,,2026-05-10 00:12:08,3
3011,393,Evil Dead,101739,,2025-10-08 12:32:04,10
3012,393,Police Academy 2: Their First Assignment,2379,2379.0,2025-11-08 11:30:55,5
3013,393,Road Trip,3617,3617.0,2026-06-24 20:19:57,1
3014,394,Warrior,89774,89774.0,2025-12-06 04:26:38,1
3015,394,"African Queen, The",969,,2025-10-29 15:21:16,3
3016,394,For Your Eyes Only,2989,2989.0,2026-05-07 23:06:34,2
3017,394,"Matrix, The",2571,2571.0,2026-03-29 01:07:56,4
3018,394,Terminator 2: Judgment Day,589,589.0,2026-01-02 12:29:34,2
3019,395,Dracula: Dead and Loving It,12,12.0,2026-01-14 15:16:09,5
3020,395,Mission: Impossible II,3623,3623.0,2025-12-26 13:09:26,10
3021,395,Frisk,636,636.0,2026-07-25 21:54:30,7
3022,395,Project A,42946,42946.0,2026-04-11 05:47:26,10
3023,395,RoboCop,2985,2985.0,2026-06-07 16:31:51,2
3024,395,Hellraiser: Bloodline,611,,2026-08-02 22:31:22,10
3025,396,JFK,3386,,2025-11-01 03:04:19,5
3026,397,"Chronicles of Narnia: The Lion, the Witch and the Wardrobe, The",41566,41566.0,2025-09-25 17:31:34,1
3027,397,"Crouching Tiger, Hidden Dragon",3996,3996.0,2026-07-13 00:11:20,4
3028,397,Mars Attacks!,1391,1391.0,2025-09-14 07:07:29,7
3029,397,Shakespeare in Love,2396,,2025-10-24 10:04:01,8
3030,397,Get Shorty,21,21.0,2026-05-23 02:39:19,10
3031,397,Gremlins,2003,,2025-10-10 16:44:01,7
3032,397,"Golden Child, The",2735,2735.0,2026-02-03 17:54:40,3
3033,397,"Big Lebowski, The",1732,1732.0,2026-02-25 14:13:59,6
3034,397,"Fog, The",1128,,2026-06-07 06:00:39,6
3035,397,Despicable Me,79091,79091.0,2026-05-03 00:40:25,6
3036,397,Elf,6936,6936.0,2025-09-10 01:32:36,2
3037,397,Boyz N the Hood,6796,,2026-02-24 15:40:30,5
3038,397,Harry Potter and the Order of the Phoenix,54001,,2026-07-22 14:28:22,7
3039,398,Wings of Desire,1211,,2025-11-13 22:44:12,9
3040,398,Adaptation,5902,5902.0,2026-01-03 00:05:02,2
3041,398,Blue Velvet,2076,2076.0,2026-05-11 13:38:34,3
3042,398,2 Days in the Valley,999,,2026-01-25 21:52:18,8
3043,398,"View to a Kill, A",2376,,2026-08-01 08:16:37,8
3044,398,Matewan,3090,3090.0,2025-12-27 07:23:32,4
3045,398,Ted 2,135861,135861.0,2025-09-22 14:50:40,2
3046,398,Star Trek: Generations,329,329.0,2025-09-25 14:54:55,5
3047,398,Batman,592,592.0,2026-04-21 14:32:22,2
3048,398,Broken Arrow,95,95.0,2026-07-24 12:41:25,9
3049,398,It Could Happen to You,361,,2026-08-25 04:26:37,3
3050,398,Pirates of the Caribbean: The Curse of the Black Pearl,6539,6539.0,2026-08-05 12:28:41,5
3051,398,Batman Beyond: Return of the Joker,27311,,2026-04-03 10:38:23,6
3052,399,Flight of the Navigator,2046,,2025-10-02 02:34:46,9
3053,399,The Butterfly Effect,7254,,2026-09-04 00:31:11,5
3054,399,Lawrence of Arabia,1204,1204.0,2025-10-31 21:44:03,4
3055,399,Brokeback Mountain,39183,39183.0,2025-11-28 05:12:37,1
3056,400,Doctor Dolittle,2135,,2026-03-09 05:32:21,1
3057,400,Harry Potter and the Order of the Phoenix,54001,54001.0,2025-10-23 07:57:55,6
3058,400,Erin Brockovich,3408,3408.0,2026-01-16 04:50:55,6
3059,400,Ben-hur,122888,,2026-07-19 23:13:47,9
3060,400,Bad Education,8973,,2026-06-07 14:52:07,10
3061,401,Jaws 3-D,1389,1389.0,2026-04-14 02:32:06,3
3062,401,Twelve Monkeys,32,,2026-04-19 11:39:46,10
3063,401,"Shawshank Redemption, The",318,,2026-06-10 07:03:46,10
3064,401,Before the Rain,214,,2026-02-07 19:22:58,6
3065,402,"Lost World: Jurassic Park, The",1544,1544.0,2026-07-14 04:56:32,8
3066,402,Dogma,3052,3052.0,2026-01-18 18:42:51,1
3067,402,"Bill Cosby, Himself",8827,8827.0,2026-02-16 00:30:34,8
3068,402,Surviving the Game,547,,2026-02-24 13:12:01,6
3069,403,Groundhog Day,1265,1265.0,2026-05-07 12:20:35,5
3070,403,Terminator 2: Judgment Day,589,589.0,2025-11-13 11:52:28,7
3071,403,Live Free or Die Hard,53972,53972.0,2025-11-05 01:38:28,1
3072,403,"Shawshank Redemption, The",318,318.0,2025-09-20 01:41:12,4
3073,403,Austin Powers: The Spy Who Shagged Me,2683,2683.0,2026-05-01 06:32:21,7
3074,403,Arrival,164179,164179.0,2026-01-07 10:08:23,8
3075,403,"Wrestler, The",64839,,2025-10-01 18:03:17,10
3076,403,Hocus Pocus,2052,,2026-05-21 00:10:41,6
3077,404,"Truman Show, The",1682,,2025-12-27 14:35:19,8
3078,404,Midnight Run,3104,3104.0,2026-02-28 00:06:37,7
3079,404,Gandhi,1293,,2025-10-28 20:42:47,8
3080,404,First Knight,168,168.0,2026-06-08 04:40:34,4
3081,404,"Brother from Another Planet, The",3700,3700.0,2025-11-29 00:43:29,9
3082,405,"Lord of the Rings: The Return of the King, The",7153,7153.0,2026-04-09 03:20:25,3
3083,405,Masterminds,162478,162478.0,2026-03-03 23:07:58,5
3084,405,Howards End,3260,3260.0,2026-04-29 12:21:40,7
3085,405,Bridesmaids,86833,86833.0,2026-04-18 18:40:07,8
3086,406,"Knight's Tale, A",4299,,2026-07-21 03:04:24,9
3087,406,Monty Python and the Holy Grail,1136,,2025-10-10 05:08:15,10
3088,406,Kiss of the Dragon,4387,4387.0,2026-05-31 09:29:57,5
3089,407,eXistenZ,2600,,2026-04-28 12:33:13,7
3090,407,Lagaan: Once Upon a Time in India,6776,6776.0,2026-08-08 03:55:34,2
3091,407,Mike's New Car,88345,,2025-12-21 11:56:46,10
3092,408,X-Men: The Last Stand,45499,,2026-06-15 07:34:25,10
3093,408,Tangled,81847,81847.0,2026-09-01 12:41:00,10
3094,408,Drop Zone,227,,2026-02-11 09:40:57,9
3095,408,Forrest Gump,356,356.0,2025-11-26 19:27:42,4
3096,408,Dragonheart,653,,2026-01-15 16:20:46,8
3097,408,Sense and Sensibility,17,,2026-08-12 22:50:29,9
3098,408,Mallrats,180,180.0,2026-07-06 03:18:29,1
3099,408,"Twilight Saga: Breaking Dawn - Part 2, The",98203,98203.0,2026-06-28 05:43:48,9
3100,408,Gattaca,1653,,2025-11-13 04:34:56,4
3101,408,"Mummy Returns, The",4270,4270.0,2026-07-13 19:39:57,8
3102,408,"Nightmare Before Christmas, The",551,551.0,2026-06-15 04:49:40,2
3103,408,Layer Cake,27831,27831.0,2025-12-04 03:15:06,6
3104,408,Stargate,316,316.0,2026-05-21 22:47:34,1
3105,409,Analyze This,2539,2539.0,2025-10-18 16:43:57,3
3106,409,"Dark Knight, The",58559,,2025-10-11 21:37:03,5
3107,409,"Bone Collector, The",3005,3005.0,2026-08-15 10:31:16,1
3108,409,"O Brother, Where Art Thou?",4027,4027.0,2026-04-11 19:55:14,9
3109,409,The Martian,134130,,2025-09-22 17:42:31,4
3110,409,"Mask, The",367,,2026-06-18 00:58:25,6
3111,409,Bill & Ted's Bogus Journey,4980,4980.0,2025-12-30 22:03:15,8
3112,409,Gangs of New York,5956,5956.0,2025-12-16 10:56:19,1
3113,409,Big Daddy,2694,,2026-02-20 14:59:14,9
3114,409,Like Crazy,91079,91079.0,2026-03-29 03:06:38,8
3115,409,"Apple Dumpling Gang, The",1007,,2026-08-18 11:05:27,5
3116,409,Star Wars: Episode V - The Empire Strikes Back,1196,1196.0,2026-07-03 04:45:17,4
3117,410,"Pursuit of Happyness, The",47099,,2026-04-02 16:31:01,8
3118,410,"Star Is Born, A",25996,25996.0,2025-09-09 09:38:54,4
3119,410,Gone in 60 Seconds,3717,3717.0,2026-08-19 01:46:13,2
3120,410,Assault on Precinct 13,31420,,2026-06-11 02:14:39,9
3121,410,Ender's Game,106002,,2026-04-21 09:23:02,9
3122,410,Miss Congeniality,4025,4025.0,2025-10-29 09:15:22,7
3123,410,Babe: Pig in the City,2384,2384.0,2026-02-03 16:20:45,7
3124,410,Beverly Hills Cop,4085,4085.0,2026-01-31 11:46:14,1
3125,410,Full Metal Jacket,1222,1222.0,2026-02-26 07:40:54,1
3126,410,Contact,1584,,2025-10-23 04:46:15,6
3127,410,Friday the 13th Part VI: Jason Lives,1979,,2025-12-25 22:39:10,9
3128,410,Harry Potter and the Sorcerer's Stone,4896,,2026-03-31 19:03:53,3
3129,410,Cars,45517,45517.0,2026-07-26 21:07:22,1
3130,410,Vanilla Sky,4975,4975.0,2026-02-20 06:01:34,4
3131,411,We're the Millers,104211,104211.0,2025-11-03 08:16:54,1
3132,411,Serpico,3735,3735.0,2026-04-22 11:11:26,5
3133,411,Aliens,1200,1200.0,2026-07-18 20:12:41,1
3134,411,Silkwood,4809,4809.0,2026-09-07 04:34:34,1
3135,411,"NeverEnding Story, The",2161,,2026-05-21 06:56:14,9
3136,411,Requiem for a Dream,3949,,2026-07-20 21:38:05,6
3137,411,"War of the Worlds, The",2662,2662.0,2026-04-12 23:09:51,3
3138,411,Lawrence of Arabia,1204,1204.0,2026-06-12 12:29:11,6
3139,411,V for Vendetta,44191,44191.0,2026-04-21 04:41:42,3
3140,411,Manhattan,1244,1244.0,2025-09-25 05:24:06,3
3141,411,Volunteers,3385,3385.0,2026-08-11 18:21:54,3
3142,411,"Godfather: Part III, The",2023,,2025-10-06 14:41:09,4
3143,412,Annabelle: Creation,175199,175199.0,2026-08-24 14:58:16,7
3144,412,Seabiscuit,6565,,2026-07-13 17:34:21,6
3145,412,Seven,47,,2026-01-23 15:45:27,10
3146,412,"Mask, The",367,367.0,2026-06-01 09:11:25,1
3147,412,Donnie Darko,4878,4878.0,2026-02-01 14:09:41,1
3148,412,Donnie Brasco,1466,1466.0,2026-08-29 18:18:14,6
3149,412,Life Is Beautiful,2324,2324.0,2026-07-25 04:07:06,9
3150,412,"Addams Family, The",2124,,2026-03-03 05:57:14,4
3151,412,50/50,89864,89864.0,2026-05-06 13:38:43,7
3152,412,TMNT,51939,,2026-08-10 03:47:33,8
3153,412,"World's End, The",103341,,2026-04-30 10:57:54,2
3154,412,S.W.A.T.,6595,,2025-12-03 08:54:32,7
3155,412,Zero Dark Thirty,98961,,2026-07-23 02:50:00,8
3156,412,Sleeping Beauty,2096,,2026-04-13 18:26:33,8
3157,413,Chinatown,1252,,2026-02-22 20:37:03,9
3158,413,Full Metal Jacket,1222,1222.0,2026-02-20 20:48:17,5
3159,414,Repo Man,1965,,2026-03-20 07:18:15,7
3160,414,Scent of a Woman,3252,3252.0,2025-11-14 08:38:31,1
3161,414,Playing God,1647,1647.0,2025-12-04 07:21:26,2
3162,415,"Lord of the Rings: The Return of the King, The",7153,,2026-05-25 06:38:08,9
3163,415,The Martian,134130,134130.0,2026-04-01 15:27:53,3
3164,415,Christmas Vacation,2423,2423.0,2025-11-18 11:05:06,2
3165,415,"Dish, The",4225,,2026-01-17 04:39:41,8
3166,415,Waltz with Bashir,61236,61236.0,2025-10-16 05:49:22,9
3167,415,Moonrise Kingdom,94959,,2026-06-23 05:59:18,4
3168,415,Sister Act,3247,3247.0,2025-10-11 03:52:40,3
3169,415,Independence Day,780,,2025-10-05 11:53:15,2
3170,415,"Brothers Grimm, The",36401,36401.0,2026-01-20 04:53:15,6
3171,415,Monty Python's The Meaning of Life,6807,,2026-01-25 23:20:16,7
3172,416,Whatever It Takes,3454,3454.0,2025-09-30 09:04:58,3
3173,416,Hedwig and the Angry Inch,4642,,2026-04-17 21:33:08,8
3174,416,Ryuzo and the Seven Henchmen,142550,,2026-05-14 22:41:42,8
3175,416,Aliens,1200,1200.0,2026-08-30 12:29:46,1
3176,416,The Amazing Spider-Man 2,110553,,2026-08-08 19:22:51,6
3177,416,Apt Pupil,2320,,2026-07-28 04:26:49,10
3178,416,"World's End, The",103341,103341.0,2025-11-29 20:28:49,1
3179,416,Chicago,5991,5991.0,2026-04-07 01:43:07,4
3180,416,Transformers: The Movie,4006,,2026-04-28 04:40:24,10
3181,416,Mr. & Mrs. Smith,33679,,2026-05-25 09:34:26,2
3182,416,Harry and the Hendersons,3388,,2026-08-15 01:31:19,10
3183,416,Stanley & Iris,3103,,2026-06-14 10:11:04,8
3184,417,Wild Things,1805,1805.0,2026-03-28 05:11:36,9
3185,417,Rocky Balboa,49651,,2026-02-06 15:11:01,7
3186,417,Crimes and Misdemeanors,2973,,2026-05-18 00:38:05,10
3495,457,Jason X,5323,,2025-09-14 10:48:05,3
3187,417,And Then There Were None,4969,,2026-06-21 07:52:45,10
3188,417,Liar Liar,1485,1485.0,2026-04-27 01:09:26,5
3189,417,Maverick,368,368.0,2026-01-23 13:41:52,3
3190,417,Dumbo,1029,,2026-06-25 07:03:10,3
3191,417,No Country for Old Men,55820,55820.0,2026-07-09 19:57:15,8
3192,418,Full Metal Jacket,1222,1222.0,2026-01-30 06:15:41,5
3193,418,Bridget Jones: The Edge of Reason,8969,8969.0,2026-04-29 00:17:40,1
3194,418,"Philadelphia Story, The",898,,2026-01-18 01:53:53,10
3195,418,Lockout,93563,93563.0,2026-04-20 15:27:03,3
3196,418,Broadcast News,2243,2243.0,2026-06-24 11:26:36,6
3197,419,"In-Laws, The",6374,,2026-06-26 16:59:36,8
3198,419,Toy Story,1,1.0,2026-04-30 23:34:49,1
3199,419,Prince of Persia: The Sands of Time,78105,78105.0,2026-08-20 02:30:04,4
3200,419,Pirates of the Caribbean: At World's End,53125,,2026-06-25 02:53:20,9
3201,419,While You Were Sleeping,339,339.0,2026-03-31 17:16:02,4
3202,419,Trading Places,3039,,2026-03-31 13:36:50,10
3203,419,Planet of the Apes,2529,,2026-01-15 08:25:57,8
3204,419,Seeking Justice,92198,92198.0,2026-02-22 12:16:26,5
3205,420,Gangs of New York,5956,5956.0,2026-03-24 01:56:16,3
3206,420,"English Patient, The",1183,,2026-08-27 14:02:50,10
3207,420,Forget Paris,237,237.0,2026-09-06 02:20:56,3
3208,421,Conan the Barbarian,1587,,2025-10-21 12:45:07,8
3209,421,"Princess Bride, The",1197,1197.0,2026-04-18 00:48:39,6
3210,421,While You Were Sleeping,339,339.0,2026-08-10 15:11:50,3
3211,421,Indiana Jones and the Last Crusade,1291,,2026-06-04 14:45:34,4
3212,421,"Ides of March, The",89804,89804.0,2025-12-18 13:08:08,6
3213,421,Apocalypse Now,1208,,2026-03-27 13:49:04,9
3214,421,Demolition Man,442,,2026-05-22 12:11:03,7
3215,421,"Fog of War: Eleven Lessons from the Life of Robert S. McNamara, The",7156,7156.0,2026-07-01 18:37:46,8
3216,421,Forrest Gump,356,356.0,2026-01-22 11:21:55,5
3217,421,Dangerous Minds,31,,2026-01-11 20:13:12,6
3218,421,"Italian Job, The",6378,6378.0,2026-02-22 12:54:55,5
3219,422,"Hunchback of Notre Dame, The",783,783.0,2026-02-23 21:45:59,5
3220,422,Under Siege,1385,,2025-10-16 01:04:05,8
3221,422,Beethoven,6793,,2026-03-22 11:40:28,3
3222,422,"Borrowers, The",1848,,2026-05-05 10:43:57,9
3223,422,To Kill a Mockingbird,1207,1207.0,2026-07-10 08:25:32,3
3224,422,Multiplicity,719,719.0,2026-04-01 08:56:56,1
3225,422,Alien³,1320,,2026-01-27 11:44:16,5
3226,422,Liar Liar,1485,1485.0,2025-10-12 23:22:40,2
3227,422,"Big Tease, The",3240,3240.0,2026-03-19 20:51:33,7
3228,422,Hoodwinked!,42734,42734.0,2026-04-12 15:22:34,4
3229,422,Close Encounters of the Third Kind,3471,3471.0,2026-02-13 04:31:53,4
3230,422,American History X,2329,,2025-10-20 23:06:16,6
3231,423,"Shawshank Redemption, The",318,,2026-04-17 05:20:24,10
3232,423,Bill & Ted's Bogus Journey,4980,,2025-12-26 22:41:39,4
3233,423,Beetlejuice,2174,,2026-02-17 02:49:25,4
3234,423,The Imitation Game,116797,116797.0,2025-12-11 18:11:50,2
3235,423,"Lock, Stock & Two Smoking Barrels",2542,,2026-08-01 18:49:22,6
3236,423,Quantum of Solace,63113,,2026-08-27 04:59:25,6
3237,423,"Shawshank Redemption, The",318,318.0,2026-04-12 15:21:35,1
3238,423,Fight Club,2959,2959.0,2025-10-29 14:20:53,8
3239,423,"Craft, The",724,,2026-07-17 01:26:46,10
3240,423,Coraline,66097,66097.0,2026-03-21 01:32:58,7
3241,423,"Godfather: Part II, The",1221,,2026-03-11 16:58:11,6
3242,423,Shanghai Noon,3624,,2025-09-09 07:57:17,10
3243,423,Forrest Gump,356,,2026-07-01 08:46:45,8
3244,423,This Is the End,102123,102123.0,2025-12-06 21:27:06,4
3245,424,Who Framed Roger Rabbit?,2987,2987.0,2025-12-21 06:58:28,5
3246,424,Barb Wire,737,,2025-09-15 18:49:40,1
3247,424,Pirates of the Caribbean: At World's End,53125,53125.0,2026-05-16 23:46:38,2
3248,424,Transamerica,42004,42004.0,2026-01-23 19:46:10,1
3249,424,"Rules of the Game, The",6783,,2026-07-02 07:15:17,9
3250,424,Elephant,6890,,2026-03-31 23:10:53,5
3251,425,Tarzan,2687,,2026-05-28 16:41:36,4
3252,425,Moon,68237,,2025-09-24 03:17:16,9
3253,425,Billy Madison,216,,2026-03-24 12:29:01,4
3254,425,Batman & Robin,1562,,2026-02-22 23:00:21,6
3255,425,True Lies,380,,2026-01-10 05:02:31,10
3256,425,Strangers with Candy,46772,46772.0,2025-10-07 08:46:43,10
3257,426,Toy Story 2,3114,,2026-03-09 13:27:01,6
3258,426,Gangs of New York,5956,,2025-12-22 07:34:11,7
3259,426,"Waterboy, The",2335,2335.0,2026-03-27 07:13:31,8
3260,426,Star Wars: Episode IV - A New Hope,260,260.0,2026-03-08 02:38:13,2
3261,426,Joyeux Noël,40414,,2026-05-16 00:29:02,10
3262,426,"Scanner Darkly, A",27904,,2025-12-19 05:47:52,8
3263,426,Pulp Fiction,296,,2025-10-06 19:15:52,8
3264,426,Chicken Run,3751,3751.0,2025-10-23 16:30:07,3
3265,426,Beverly Hills Chihuahua,63540,63540.0,2025-10-29 04:07:15,4
3266,426,Celtic Pride,710,,2026-07-11 18:52:06,9
3267,427,A.I. Artificial Intelligence,4370,,2026-01-04 12:38:09,7
3268,428,V for Vendetta,44191,,2026-04-23 13:37:49,10
3269,428,Little Women,261,,2025-10-27 14:18:17,5
3270,428,Ace Ventura: Pet Detective,344,,2025-11-01 05:51:00,8
3271,428,Dracula: Dead and Loving It,12,12.0,2025-11-03 11:32:26,6
3272,428,Total Recall,2916,2916.0,2026-07-01 01:05:59,3
3273,428,Field of Dreams,1302,1302.0,2026-07-08 04:52:43,1
3274,428,Assassins,23,23.0,2026-05-18 13:42:14,1
3275,428,Bound,866,866.0,2026-02-17 12:26:16,6
3276,429,"Good Girl, The",5505,5505.0,2025-10-26 12:51:46,1
3277,429,Star Trek IV: The Voyage Home,1376,,2025-10-18 13:39:57,3
3278,429,Schindler's List,527,,2025-12-24 15:43:53,6
3279,429,"Crazy, Stupid, Love.",88163,,2026-08-20 18:34:00,7
3280,429,Lethal Weapon 2,2001,,2026-02-22 06:46:29,9
3281,429,Patton,1272,1272.0,2025-10-30 18:34:43,10
3282,430,Night at the Museum,46972,46972.0,2026-04-28 18:01:01,7
3283,430,Star Wars: Episode II - Attack of the Clones,5378,5378.0,2026-06-22 23:41:23,6
3284,430,Alien³,1320,,2026-06-10 23:57:29,5
3285,430,Beauty and the Beast,595,,2026-06-14 01:28:05,6
3286,430,Primal Fear,628,628.0,2026-07-18 12:17:32,2
3287,431,Into the Forest of Fireflies' Light,120130,,2026-01-23 01:21:49,9
3288,431,Mrs. Doubtfire,500,,2026-02-06 06:26:24,4
3289,431,"Hangover, The",69122,69122.0,2025-12-28 06:45:55,6
3290,431,"Hunchback of Notre Dame, The",783,,2025-11-22 12:24:46,10
3291,431,Batman: Gotham Knight,60979,,2026-06-12 13:11:13,1
3292,431,Outbreak,292,292.0,2025-11-22 06:59:41,10
3293,431,This Property is Condemned,7184,7184.0,2026-01-02 06:29:58,4
3294,432,The Hunger Games: Catching Fire,106487,106487.0,2025-12-21 00:04:05,3
3295,433,"Fisher King, The",3108,3108.0,2026-03-26 02:13:58,7
3296,433,21 Grams,6953,6953.0,2025-11-29 15:21:48,1
3297,433,Source Code,85414,,2026-01-26 03:21:55,5
3298,433,Timecrimes,65642,,2026-06-06 21:18:22,9
3299,433,Catch Me If You Can,5989,5989.0,2026-08-27 14:03:02,3
3300,434,"American President, The",11,11.0,2026-03-24 01:22:34,3
3301,434,Three Colors: Red,306,,2026-04-05 04:24:37,7
3302,434,Falling Down,3020,3020.0,2026-06-20 05:17:55,4
3303,434,Batman Forever,153,153.0,2026-05-15 00:20:48,5
3304,434,Casino Royale,49272,,2025-11-20 20:59:22,5
3305,434,2001: A Space Odyssey,924,,2025-11-05 21:30:49,7
3306,434,Kiss of the Dragon,4387,,2025-12-22 09:44:02,2
3307,434,Spy,134368,134368.0,2026-03-18 10:15:03,1
3308,434,"South Park: Bigger, Longer and Uncut",2700,2700.0,2026-04-14 06:11:20,7
3309,434,"Brothers McMullen, The",144,144.0,2025-09-17 17:45:31,3
3310,435,Bull Durham,3361,3361.0,2026-02-16 11:42:49,2
3311,435,Ghost World,4641,4641.0,2026-06-04 11:07:32,4
3312,435,Kill Bill: Vol. 1,6874,6874.0,2025-09-19 01:55:02,1
3313,435,"Clockwork Orange, A",1206,,2025-11-08 22:18:43,7
3314,435,Back to the Future,1270,,2025-11-27 23:57:43,10
3315,435,"Ugly Truth, The",70183,,2025-11-27 19:18:00,2
3316,435,Now You See Me,102903,,2026-04-15 20:15:45,7
3317,435,Terminator 2: Judgment Day,589,589.0,2025-11-22 14:45:38,3
3318,435,Seven,47,,2026-07-05 20:26:51,9
3319,435,Memento,4226,4226.0,2026-07-13 18:13:41,3
3320,435,Rebecca,928,928.0,2026-06-06 05:00:40,7
3321,436,Batman,592,592.0,2025-12-23 22:09:21,5
3322,436,Muppet Treasure Island,107,,2026-07-26 07:56:24,10
3323,436,"Client, The",350,,2026-01-23 11:46:14,1
3324,436,"Lord of the Rings: The Return of the King, The",7153,7153.0,2025-09-22 19:07:52,2
3325,436,Vanilla Sky,4975,4975.0,2026-07-21 07:07:24,4
3326,436,Anger Management,6287,,2025-12-27 15:25:20,5
3327,436,300,51662,51662.0,2026-01-15 12:44:42,1
3328,436,Harry and the Hendersons,3388,,2026-09-07 00:50:09,10
3329,436,District 9,70286,,2026-08-05 04:52:55,8
3330,436,Sneakers,1396,1396.0,2026-04-13 13:41:17,1
3331,436,Dumb & Dumber,231,231.0,2026-01-18 03:58:19,6
3332,436,Three O'Clock High,6816,6816.0,2026-02-26 02:58:53,1
3333,437,Die Hard,1036,1036.0,2026-02-24 20:35:32,5
3334,437,I Know What You Did Last Summer,1644,1644.0,2026-05-23 20:47:46,5
3335,437,Enemy of the State,2353,,2026-08-31 06:16:38,8
3336,438,Primary Colors,1810,,2026-02-06 20:14:35,8
3337,438,"King and I, The",2565,,2025-09-14 04:44:38,6
3338,438,Cujo,2121,2121.0,2026-06-13 23:26:16,7
3339,438,RoboCop,2985,,2026-02-16 15:41:32,10
3340,439,Machete,80219,,2026-02-14 14:03:03,4
3341,439,"Aristocats, The",616,616.0,2026-07-10 11:53:03,2
3342,439,Godzilla,1882,1882.0,2026-02-11 15:02:13,2
3343,439,One Flew Over the Cuckoo's Nest,1193,,2026-06-11 11:07:19,7
3344,439,Daddy Day Care,6338,,2026-07-13 03:24:56,8
3345,439,10 Things I Hate About You,2572,2572.0,2026-07-12 16:01:25,1
3346,439,Charlie's Angels: Full Throttle,6503,6503.0,2026-05-21 21:11:02,6
3347,439,Kung Fu Panda 2,87222,87222.0,2026-03-16 01:35:18,5
3348,439,"400 Blows, The",2731,,2026-04-09 08:56:27,9
3349,439,"Honey, I Shrunk the Kids",2054,,2025-12-12 15:41:06,3
3350,439,Rushmore,2395,2395.0,2025-12-28 00:04:36,1
3351,439,Hocus Pocus,2052,,2026-02-28 14:18:06,3
3352,439,Catch Me If You Can,5989,5989.0,2026-02-06 08:53:37,2
3353,440,"Bridge on the River Kwai, The",1250,,2026-07-19 11:51:21,5
3354,440,Dead Man Walking,36,,2025-09-21 19:56:24,3
3355,440,Star Wars: Episode III - Revenge of the Sith,33493,,2026-07-13 11:14:42,8
3356,440,"Fifth Element, The",1527,1527.0,2025-12-27 17:03:41,7
3357,440,Down and Out in Beverly Hills,5548,,2026-08-12 11:46:48,8
3358,440,"Doctor Who: The Doctor, the Widow and the Wardrobe",147374,147374.0,2025-09-28 21:12:26,5
3359,440,Fatal Attraction,3101,,2026-05-28 07:48:12,10
3360,441,Serpico,3735,,2025-12-03 18:15:36,10
3361,441,"Adjustment Bureau, The",84954,,2025-11-20 13:54:02,3
3362,441,Mad Max,3702,,2026-06-24 17:22:22,10
3363,441,"Opposite of Sex, The",1885,1885.0,2026-08-04 17:06:45,8
3364,441,Man on Fire,7445,7445.0,2026-04-18 09:34:59,1
3365,441,Charlie and the Chocolate Factory,30793,30793.0,2025-12-29 07:24:07,3
3366,441,"Lord of the Rings: The Two Towers, The",5952,,2025-10-23 00:23:26,10
3367,441,Police Academy 2: Their First Assignment,2379,,2026-02-26 13:30:20,2
3368,442,Brewster's Millions,4010,4010.0,2026-05-12 00:22:26,4
3369,442,Jeremiah Johnson,3074,3074.0,2026-07-24 06:19:40,1
3370,442,"Fighter, The",81932,81932.0,2026-04-26 23:03:37,3
3371,442,Patton,1272,1272.0,2026-04-08 06:04:41,3
3372,442,Touch of Evil,1248,1248.0,2025-09-14 16:52:39,3
3373,442,Splash,2100,2100.0,2025-12-03 10:40:57,2
3374,442,"Wizard of Oz, The",919,919.0,2026-03-17 20:48:07,3
3375,442,Kill Bill: Vol. 2,7438,7438.0,2026-08-08 10:26:32,1
3376,442,Riding Giants,27882,27882.0,2026-09-02 20:58:52,5
3377,442,Amy's O,5532,,2026-04-09 22:22:32,6
3378,442,Seven Psychopaths,97306,,2025-09-12 00:06:52,10
3379,442,Schindler's List,527,,2026-03-16 15:02:00,6
3380,442,Star Wars: Episode VI - Return of the Jedi,1210,1210.0,2026-02-23 16:36:26,8
3381,442,Problem Child,2798,2798.0,2026-08-23 23:15:07,6
3382,443,Miracle on 34th Street,277,,2026-06-06 21:22:01,9
3383,443,"Incredibles, The",8961,,2026-08-23 21:46:42,10
3384,443,Reefer Madness,7222,,2026-04-19 19:42:42,5
3385,443,Superman Returns,46530,,2026-03-26 10:17:20,9
3386,444,"Rocky Horror Picture Show, The",2657,,2026-06-05 23:14:12,3
3387,444,Hamlet,1411,,2025-11-02 19:35:54,5
3388,444,Bridget Jones's Diary,4246,,2025-11-13 19:25:36,7
4522,598,Speed,377,,2026-05-09 20:03:57,4
3389,444,Great Balls of Fire!,4599,4599.0,2026-08-21 17:31:02,3
3390,444,Casino,16,16.0,2026-01-07 10:59:51,4
3391,444,Man on the Moon,3174,3174.0,2025-11-03 16:05:03,5
3392,444,Quicksilver,5988,,2025-10-20 04:14:32,6
3393,444,Vanilla Sky,4975,,2026-03-17 13:54:24,9
3394,444,Good Will Hunting,1704,1704.0,2026-07-01 13:46:34,4
3395,444,One Missed Call,27784,27784.0,2026-04-14 18:13:27,3
3396,444,"Sting, The",1234,1234.0,2026-08-27 20:03:47,10
3397,444,Star Wars: Episode IV - A New Hope,260,,2026-01-03 16:04:01,9
3398,445,Toy Story,1,,2026-07-07 01:43:15,9
3399,445,This Is the End,102123,102123.0,2026-05-29 21:19:27,2
3400,445,"Inconvenient Truth, An",45950,,2026-01-24 17:41:29,6
3401,445,Amadeus,1225,,2025-09-18 17:23:09,8
3402,445,Gattaca,1653,1653.0,2025-12-18 19:01:06,9
3403,445,Die Another Day,5872,,2026-03-07 03:19:20,7
3404,445,Do the Right Thing,3424,3424.0,2026-03-28 18:21:51,7
3405,445,Rush Hour,2273,2273.0,2026-04-13 00:26:18,4
3406,445,Sleeping Beauty,2096,,2026-05-25 14:12:02,10
3407,446,High Fidelity,3481,3481.0,2026-07-29 10:29:36,4
3408,446,"Beautiful Mind, A",4995,,2025-10-03 14:14:34,8
3409,446,Mortal Kombat,44,,2026-06-01 22:22:15,9
3410,446,Unbreakable,3994,,2025-09-14 14:39:29,9
3411,446,"Cell, The",3863,,2026-07-05 22:14:09,1
3412,446,Men in Black,1580,,2025-10-13 11:56:01,3
3413,446,Downfall,31410,31410.0,2026-04-22 05:10:29,8
3414,446,Valmont,5646,5646.0,2025-12-18 06:02:24,4
3415,446,Star Trek II: The Wrath of Khan,1374,,2025-10-29 04:01:29,7
3416,447,Twelve Monkeys,32,32.0,2026-02-25 11:40:54,9
3417,447,"Departed, The",48516,48516.0,2026-06-30 02:51:34,8
3418,447,"Killing Fields, The",1299,,2026-07-10 09:02:19,5
3419,447,With a Friend Like Harry...,4077,4077.0,2025-11-24 14:15:08,3
3420,448,"Wedding Singer, The",1777,,2026-02-27 17:00:46,10
3421,448,Bowfinger,2770,,2025-11-10 07:56:24,3
3422,448,"Girl with the Dragon Tattoo, The",67255,,2026-01-29 17:07:04,10
3423,448,Finding Neverland,8970,8970.0,2026-02-08 23:56:03,2
3424,448,Fantastic Mr. Fox,72226,72226.0,2025-10-16 06:59:20,1
3425,448,Limitless,84152,84152.0,2025-11-15 06:08:56,4
3426,448,Harry Potter and the Half-Blood Prince,69844,69844.0,2025-12-24 04:41:42,7
3427,448,Carlito's Way,431,,2026-01-02 20:57:23,3
3428,448,My Blue Heaven,2249,,2026-03-12 10:20:07,10
3429,448,Addams Family Values,410,410.0,2026-06-15 23:37:03,1
3430,449,Kramer vs. Kramer,1955,1955.0,2025-11-20 15:06:42,3
3431,449,Batman Forever,153,,2026-02-24 00:35:07,9
3432,449,"To Wong Foo, Thanks for Everything! Julie Newmar",203,,2025-11-16 03:46:48,7
3433,449,Monsters University,103141,103141.0,2026-04-26 16:17:35,5
3434,449,"Road Warrior, The",3703,3703.0,2026-01-28 20:43:28,7
3435,449,Superbad,54503,54503.0,2026-03-12 01:15:34,1
3436,449,Lilo & Stitch,5444,,2025-11-14 10:56:40,10
3437,449,Heat,6,6.0,2025-11-23 11:01:24,5
3438,449,It's Kind of a Funny Story,80693,,2026-06-23 05:26:57,8
3439,450,Magnolia,3160,3160.0,2025-11-16 13:30:55,3
3440,450,Sgt. Bilko,637,637.0,2026-02-23 23:23:19,7
3441,450,Friday the 13th,1974,1974.0,2026-09-04 01:37:06,1
3442,450,Bring It On,3882,,2025-11-03 03:08:51,8
3443,450,On the Waterfront,1945,1945.0,2026-07-04 07:38:47,5
3444,450,Lost in Translation,6711,,2026-05-11 00:55:10,10
3445,450,"Rock, The",733,733.0,2026-04-17 16:50:37,7
3446,450,Singin' in the Rain,899,,2026-06-27 23:45:25,8
3447,450,School of Rock,6863,6863.0,2025-09-26 11:39:18,4
3448,450,Where Eagles Dare,6808,6808.0,2026-06-20 02:39:01,9
3449,451,Apollo 13,150,150.0,2026-07-29 06:13:00,4
3450,451,"Sixth Sense, The",2762,,2026-02-03 10:10:08,5
3451,451,Anastasia,1688,,2025-10-18 12:53:55,3
3452,451,Toy Story,1,1.0,2026-02-13 02:46:16,4
3453,451,Dead Man Walking,36,,2026-03-31 19:36:03,6
3454,451,"Mission, The",2745,,2026-08-10 05:30:04,10
3455,451,Demolition Man,442,442.0,2025-12-15 09:36:25,1
3456,451,"Karate Kid, The",79224,79224.0,2026-01-30 07:09:22,5
3457,451,Eye of the Beholder,3238,,2026-02-24 11:36:39,9
3458,452,Meet the Parents,3948,,2026-02-24 00:33:39,2
3459,452,Waitress,50685,,2026-03-21 14:13:29,4
3460,452,Four Weddings and a Funeral,357,357.0,2026-07-02 09:07:22,2
3461,453,Naked Gun 33 1/3: The Final Insult,370,,2026-03-22 15:22:14,9
3462,453,Futurama: Bender's Game,62956,62956.0,2026-02-11 21:39:26,1
3463,453,Pulp Fiction,296,,2026-05-15 01:40:07,8
3464,453,Heathers,1285,1285.0,2025-10-30 12:44:11,8
3465,453,"Sting, The",1234,1234.0,2025-10-19 01:10:45,2
3466,453,"Fisher King, The",3108,,2026-01-12 03:24:52,10
3467,453,As Good as It Gets,1784,1784.0,2025-10-23 00:46:44,10
3468,454,Selena,1487,,2026-07-07 16:11:57,10
3469,454,Rabbit-Proof Fence,5446,,2026-02-23 12:09:38,4
3470,454,Night Watch,31804,,2025-11-08 23:46:37,6
3471,454,Toy Story,1,,2026-02-19 08:29:53,5
3472,455,"Truth About Cats & Dogs, The",708,708.0,2025-10-13 05:07:14,5
3473,455,Footloose,3791,,2026-01-28 00:08:04,2
3474,455,Gladiator,8132,8132.0,2026-08-22 08:21:46,7
3475,455,Deliverance,2871,2871.0,2026-05-12 19:01:04,5
3476,455,Another Woman,4393,4393.0,2026-04-21 18:43:46,3
3477,455,Spy Kids,4232,,2026-02-16 07:14:56,6
3478,455,Watchmen,60684,60684.0,2026-04-22 19:06:12,3
3479,456,Red Dragon,5630,,2026-01-01 05:15:49,7
3480,456,Hercules,1566,,2026-07-18 20:57:22,10
3481,456,Inception,79132,79132.0,2026-01-02 14:48:58,1
3482,456,Avatar,72998,72998.0,2026-02-24 20:11:06,2
3483,456,Brazil,1199,1199.0,2025-11-30 13:49:16,7
3484,456,My Own Private Idaho,1611,,2026-04-20 02:59:56,5
3485,456,"Front Page, The",8302,,2026-02-16 14:38:05,3
3486,456,Happy Gilmore,104,104.0,2026-01-05 23:46:03,1
3487,456,Party Girl,187,,2025-10-31 04:31:32,9
3488,456,That Touch of Mink,7082,,2025-12-14 07:22:13,8
3489,456,Happy Gilmore,104,104.0,2026-06-30 13:12:29,8
3490,456,Lesson Faust,1151,,2025-12-09 16:57:21,5
3491,456,Blow,4239,,2026-08-23 07:18:28,8
3492,456,"Family Man, The",4023,,2026-07-24 20:09:08,7
3493,457,Stand by Me,1259,1259.0,2026-03-26 02:53:45,6
3494,457,Robin Hood,3034,,2026-09-05 01:58:23,2
3496,457,Indiana Jones and the Last Crusade,1291,,2025-11-21 01:38:32,8
3497,457,Inferno,165101,165101.0,2026-01-22 10:11:57,1
3498,457,For a Few Dollars More,3681,,2025-11-23 03:41:50,8
3499,457,Barcelona,417,417.0,2026-08-12 13:08:32,3
3500,457,Kandahar,4977,,2026-04-08 19:31:51,9
3501,457,Austin Powers: The Spy Who Shagged Me,2683,2683.0,2025-10-31 23:54:02,5
3502,458,Patriot Games,3256,3256.0,2025-09-22 11:26:42,2
3503,458,Independence Day,780,,2026-03-04 16:05:26,6
3504,458,Donnie Brasco,1466,,2026-01-18 13:17:55,9
3505,458,Dave,440,440.0,2026-02-16 17:22:14,2
3506,459,Humanoids from the Deep,5189,,2026-04-29 18:46:42,6
3507,459,Cheaper by the Dozen,7395,,2026-07-17 02:55:26,3
3508,459,Prometheus,94864,94864.0,2025-12-06 23:07:43,5
3509,459,"Shawshank Redemption, The",318,,2026-01-27 10:54:42,4
3510,459,"Graduate, The",1247,1247.0,2026-03-11 02:47:26,4
3511,459,Meet the Parents,3948,,2026-06-13 21:34:00,1
3512,459,Seven,47,,2026-06-29 01:35:49,8
3513,459,Mr. Wrong,102,,2025-12-03 09:17:33,6
3514,459,Life Is Beautiful,2324,2324.0,2026-02-18 06:33:16,3
3515,459,M*A*S*H,5060,5060.0,2026-04-25 03:18:20,7
3516,459,"Nightmare on Elm Street 4: The Dream Master, A",1971,,2025-12-28 13:49:12,9
3517,459,Guardians of the Galaxy,112852,,2025-11-18 01:09:14,10
3518,459,Die Hard 2,1370,1370.0,2025-11-20 20:57:23,4
3519,460,"Mummy Returns, The",4270,,2026-03-04 18:44:06,8
3520,460,The Devil's Advocate,1645,1645.0,2026-08-05 20:30:20,6
3521,460,Starship Troopers,1676,,2025-11-27 23:45:01,7
3522,460,Grosse Pointe Blank,1500,1500.0,2026-05-04 01:58:14,1
3523,461,Braveheart,110,110.0,2025-11-05 02:40:51,7
3524,461,UHF,4678,4678.0,2025-10-10 20:43:01,2
3525,461,Forrest Gump,356,,2026-06-04 00:38:33,6
3526,461,"Monuments Men, The",108928,108928.0,2026-05-23 04:09:40,2
3527,461,"Imaginarium of Doctor Parnassus, The",69951,69951.0,2026-02-09 18:33:03,8
3528,461,"Counterfeiters, The",58303,,2026-02-12 13:05:32,8
3529,461,Twelve Monkeys,32,,2026-07-14 16:51:46,9
3530,461,Whiplash,166024,,2026-07-30 23:14:00,8
3531,461,Austin Powers: The Spy Who Shagged Me,2683,2683.0,2026-06-12 03:59:09,4
3532,461,"War of the Roses, The",4681,,2026-05-12 03:31:11,8
3533,461,Scary Movie,3785,3785.0,2026-03-12 02:52:22,8
3534,461,Night on Earth,1279,,2026-07-06 14:59:58,8
3535,461,Ever After: A Cinderella Story,2125,,2026-06-02 18:57:25,4
3536,462,"Proposal, The",69406,,2026-04-25 22:43:38,8
3537,462,Peter Pan,2087,2087.0,2026-07-23 11:14:43,2
3538,462,"American Werewolf in Paris, An",2793,2793.0,2026-08-27 12:12:05,4
3539,462,Red Dawn,3441,3441.0,2026-05-17 14:18:23,6
3540,462,Hot Tub Time Machine,76077,,2026-04-30 20:39:45,9
3541,462,Last Holiday,42732,42732.0,2025-12-25 12:06:31,2
3542,462,Peter Pan,2087,2087.0,2026-09-08 09:04:53,8
3543,462,American History X,2329,2329.0,2026-09-03 07:56:05,1
3544,462,Rachel Getting Married,62344,,2025-10-12 08:35:47,9
3545,462,Schindler's List,527,,2026-05-05 07:23:17,9
3546,462,"Money Pit, The",2375,2375.0,2026-08-26 16:03:31,3
3547,462,Garden State,8784,,2026-02-14 07:21:16,10
3548,463,Battle Royale,7022,7022.0,2025-10-15 21:14:04,3
3549,463,Teenage Mutant Ninja Turtles III,3440,3440.0,2026-02-21 12:44:03,1
3550,463,Ocean's Eleven,4963,4963.0,2026-03-14 00:10:09,4
3551,463,Clear and Present Danger,349,349.0,2026-06-18 01:44:37,9
3552,463,Zoolander,4816,4816.0,2026-09-07 21:40:45,1
3553,463,"Hurt Locker, The",69481,,2026-07-12 19:16:38,5
3554,464,Spotlight,142488,142488.0,2025-10-26 08:12:57,3
3555,464,Kiss of the Spider Woman,6786,6786.0,2026-01-15 03:11:58,3
3556,464,Tekkonkinkreet,55167,,2026-08-28 02:53:18,5
3557,464,"Matrix Revolutions, The",6934,,2026-03-30 22:19:57,7
3558,464,Big,2797,,2025-09-12 01:36:48,4
3559,465,Harry Potter and the Chamber of Secrets,5816,,2026-06-06 09:30:23,7
3560,465,Inception,79132,,2026-09-04 15:33:18,7
3561,465,"Bone Collector, The",3005,3005.0,2025-11-29 18:06:32,4
3562,465,Tommy Boy,333,333.0,2025-11-20 05:25:14,7
3563,465,Monty Python and the Holy Grail,1136,1136.0,2026-03-22 17:49:01,8
3564,465,Ready to Rumble,3511,,2025-12-19 19:55:13,9
3565,466,"Adventures of Pinocchio, The",828,828.0,2025-11-02 07:36:13,4
3566,466,Conspiracy Theory,1597,,2026-03-09 18:24:36,3
3567,467,Stargate,316,316.0,2026-07-11 04:31:07,2
3568,467,Babe,34,,2025-11-21 16:00:44,7
3569,467,Meet John Doe,973,,2026-02-13 19:22:30,4
3570,467,Scrooged,3087,3087.0,2026-04-25 10:11:12,9
3571,467,Hostage,32029,32029.0,2026-01-29 16:50:53,9
3572,467,X2: X-Men United,6333,,2025-12-16 06:57:45,1
3573,467,Mr. & Mrs. Smith,33679,,2025-11-01 15:35:33,2
3574,467,Get Shorty,21,,2026-01-17 08:40:40,8
3575,467,Dr. Strangelove or: How I Learned to Stop Worrying and Love the Bomb,750,750.0,2026-03-25 13:48:45,7
3576,467,Die Another Day,5872,,2026-06-23 17:08:18,7
3577,467,Matchstick Men,6708,6708.0,2025-11-10 23:58:03,6
3578,467,Thor: The Dark World,106072,106072.0,2025-10-04 02:05:02,5
3579,467,Jerry Maguire,1393,,2025-11-09 04:53:14,10
3580,468,"Shawshank Redemption, The",318,,2026-08-05 15:28:31,10
3581,468,Die Hard: With a Vengeance,165,165.0,2026-07-27 19:18:04,5
3582,468,Cocoon,2407,,2025-10-10 00:55:50,10
3583,468,Superman,2640,,2026-01-06 14:03:48,10
3584,468,Naked Gun 33 1/3: The Final Insult,370,,2026-03-24 07:20:11,9
3585,468,Snow White and the Seven Dwarfs,594,594.0,2025-11-09 00:28:50,4
3586,468,Sleepless in Seattle,539,,2026-07-12 09:12:22,6
3587,468,Remember the Titans,3916,3916.0,2026-04-13 12:07:24,6
3588,468,While We're Young,130452,130452.0,2026-01-27 06:34:10,4
3589,468,Aladdin,588,,2026-04-26 21:09:58,6
3590,469,Jet Li's Fearless,46322,46322.0,2025-09-26 19:23:34,3
3591,469,Léon: The Professional,293,,2026-05-02 07:32:38,9
3592,469,"Streetcar Named Desire, A",1104,,2026-07-11 19:52:59,10
3593,469,"Birds, The",1333,,2026-07-24 14:53:38,1
3594,469,Nine Months,186,,2026-06-26 19:23:01,8
3595,469,Rushmore,2395,2395.0,2026-04-21 19:51:31,8
3596,469,28 Days Later,6502,,2026-01-03 12:17:54,7
3597,469,Lord of War,36529,36529.0,2026-07-23 00:09:51,1
3598,469,Avengers: Age of Ultron,122892,,2025-09-25 04:56:28,10
3599,469,"Crying Game, The",1094,,2026-08-21 04:29:58,4
3600,469,Man's Best Friend,6631,,2026-08-11 09:42:14,10
3601,470,"Life of David Gale, The",6187,6187.0,2026-05-10 13:53:56,9
3602,470,Life Is Beautiful,2324,2324.0,2026-08-09 14:38:45,4
3603,470,"NeverEnding Story, The",2161,,2025-11-27 11:54:29,10
3604,470,"Scout, The",528,,2025-11-04 14:47:04,10
3605,470,Black Panther,122906,122906.0,2026-07-19 23:32:27,8
3606,470,"American President, The",11,11.0,2026-01-12 19:58:48,2
3607,470,Vertigo,903,903.0,2026-04-15 19:10:01,4
3608,470,Edmond,46572,46572.0,2025-09-21 18:01:43,9
3609,470,Hitch,31685,,2025-12-12 10:08:33,10
3610,470,Terminator 2: Judgment Day,589,,2026-08-11 01:08:06,7
3611,470,"Hangover, The",69122,,2026-05-26 03:59:30,7
3612,470,Saving Private Ryan,2028,2028.0,2026-05-03 23:49:20,6
3613,470,Midnight in the Garden of Good and Evil,1711,1711.0,2026-09-01 15:53:35,4
3614,470,Scarface,4262,4262.0,2026-08-22 07:12:02,1
3615,471,Blade Runner 2049,176371,176371.0,2026-07-07 13:10:43,3
3616,471,Toy Story 2,3114,,2025-12-24 00:37:39,10
3617,471,Free Willy 2: The Adventure Home,169,169.0,2026-09-04 08:02:49,3
3618,471,"Clockwork Orange, A",1206,,2026-06-08 16:30:50,9
3619,471,Clueless,39,,2026-07-31 22:17:46,5
3620,471,WALL·E,60069,,2026-09-03 12:08:51,7
3621,471,Jacob's Ladder,3476,3476.0,2025-11-07 03:23:26,2
3622,471,Now You See Me,102903,102903.0,2026-08-01 04:41:59,2
3623,471,Trading Places,3039,,2025-11-09 13:32:48,8
3624,471,Altered States,4713,4713.0,2025-12-10 03:11:23,8
3625,471,Stand by Me,1259,,2025-11-22 19:00:07,8
3626,471,"Lord of the Rings: The Fellowship of the Ring, The",4993,4993.0,2026-04-13 21:56:20,2
3627,472,Apollo 13,150,150.0,2025-11-24 14:46:57,8
3628,472,Batman Begins,33794,,2026-03-01 11:42:06,4
3629,472,"Madness of King George, The",272,,2026-06-13 05:20:16,4
3630,472,"Last Kiss, The",47970,47970.0,2026-07-28 01:49:08,2
3631,472,Terminator 2: Judgment Day,589,589.0,2026-03-15 04:44:10,4
3632,472,Independence Day,780,780.0,2026-06-16 23:48:20,6
3633,473,Men in Black,1580,,2026-06-20 13:58:06,9
3634,473,Home Alone 3,1707,1707.0,2025-11-13 18:59:17,7
3635,473,Next,51412,,2025-11-13 17:20:34,4
3636,473,I Kill Giants,185033,185033.0,2026-05-20 23:18:28,2
3637,473,"Lord of the Rings: The Return of the King, The",7153,,2026-06-27 05:57:31,7
3638,473,Sleepless in Seattle,539,,2025-11-21 02:52:42,10
3639,473,Persepolis,55442,55442.0,2026-07-05 02:44:47,2
3640,473,"Godfather: Part II, The",1221,1221.0,2026-06-02 16:42:38,7
3641,473,Punch-Drunk Love,5673,5673.0,2025-11-20 07:25:48,9
3642,473,Toy Story,1,1.0,2026-02-10 12:29:04,7
3643,474,"Last Song, The",77414,,2025-10-10 13:20:10,10
3644,474,"Good, the Bad and the Ugly, The",1201,1201.0,2026-06-06 23:43:10,6
3645,474,Wayne's World 2,3254,3254.0,2026-01-21 00:21:22,5
3646,474,Pirates of the Caribbean: Dead Men Tell No Tales,122896,,2026-05-03 20:40:44,7
3647,474,What a Girl Wants,6266,,2026-06-23 21:31:54,8
3648,474,"X-Files: Fight the Future, The",1909,1909.0,2025-12-23 19:40:58,7
3649,474,"Fly II, The",2456,,2026-05-27 01:23:50,8
3650,475,Lost in Translation,6711,,2025-10-08 23:04:52,10
3651,475,Hackers,170,,2026-07-18 02:31:29,4
3652,475,Baxter,7742,,2026-06-19 16:54:44,7
3653,475,Star Wars: Episode V - The Empire Strikes Back,1196,1196.0,2026-08-03 03:39:17,1
3654,475,Sense and Sensibility,17,,2025-09-20 22:15:17,10
3655,475,JFK,3386,3386.0,2026-04-08 16:43:42,2
3656,475,Casino,16,16.0,2026-07-05 03:07:40,4
3657,475,Freaky Friday,6593,,2026-02-04 18:52:28,10
3658,475,Finding Forrester,4019,,2025-09-29 03:28:36,8
3659,475,"Hitchhiker's Guide to the Galaxy, The",33004,33004.0,2026-09-06 14:56:13,4
3660,475,Starsky & Hutch,7325,7325.0,2026-08-31 07:30:58,7
3661,475,Ladder 49,8908,8908.0,2026-04-26 15:45:39,5
3662,475,Toy Story 2,3114,3114.0,2026-02-24 13:48:42,8
3663,475,Paradise Now,41527,41527.0,2026-03-20 07:03:51,1
3664,476,Open Water,27822,27822.0,2026-02-17 00:25:03,1
3665,476,Return to Snowy River,4534,,2026-01-10 20:08:01,6
3666,476,28 Days Later,6502,,2026-05-10 23:19:58,8
3667,476,The Edge of Seventeen,161922,161922.0,2026-03-17 19:01:50,4
3668,476,Edward Scissorhands,2291,,2026-04-28 06:42:33,2
3669,476,Dead Ringers,2551,,2026-02-09 15:47:32,5
3670,476,Batman Forever,153,,2026-03-05 11:18:01,6
3671,476,Adventures in Babysitting,2133,2133.0,2026-01-20 12:27:43,6
3672,476,Conspiracy Theory,1597,,2026-05-24 16:34:08,3
3673,477,Problem Child 2,2799,,2025-12-07 13:19:04,6
3674,477,Interview with the Vampire: The Vampire Chronicles,253,253.0,2026-04-01 11:49:27,1
3675,477,"Last Airbender, The",78893,78893.0,2025-12-19 09:11:09,3
3676,477,Jurassic Park III,4638,,2026-05-17 17:11:50,9
3677,477,Batman,592,592.0,2026-02-08 02:21:18,4
3678,477,Hot Shots! Part Deux,466,466.0,2026-03-22 00:01:28,7
3679,477,Back to the Future Part II,2011,2011.0,2025-11-15 13:11:50,2
3680,478,Boxing Helena,427,427.0,2026-05-14 08:07:44,3
3681,478,"Hunt, The",96829,96829.0,2026-07-05 18:04:11,6
3682,479,Patriot Games,3256,,2026-01-04 12:47:15,6
3683,479,"Vanishing, The",4808,4808.0,2026-08-23 18:46:06,6
3684,479,Sleepers,1061,,2026-03-07 09:29:30,8
3685,479,In the Name of the King III,123553,,2026-02-25 07:01:40,6
3686,479,"Few Good Men, A",2268,,2025-11-13 12:43:35,7
3687,479,Sense and Sensibility,17,17.0,2026-07-19 23:49:41,4
3688,479,"Fifth Element, The",1527,1527.0,2026-07-21 18:07:46,1
3689,479,Aladdin and the King of Thieves,1064,,2026-07-01 07:44:43,7
3690,479,Big Trouble in Little China,3740,3740.0,2026-01-01 04:45:24,5
3691,480,Fight Club,2959,,2026-03-11 19:48:30,6
3692,480,Shrek,4306,4306.0,2025-11-12 20:08:00,2
3693,480,Titan A.E.,3745,,2025-10-18 21:32:46,10
3694,480,About a Boy,5377,5377.0,2026-06-29 04:29:05,2
3695,480,Gone with the Wind,920,,2026-09-07 22:19:24,6
3696,480,WALL·E,60069,60069.0,2026-03-17 19:03:03,3
3697,480,Titanic,1721,1721.0,2025-12-29 16:14:20,4
3698,480,Around the World in 80 Days,952,952.0,2026-08-11 22:02:47,4
3699,480,Mission: Impossible,648,648.0,2026-01-21 02:43:17,4
3700,481,A.I. Artificial Intelligence,4370,,2026-03-15 14:22:08,4
3701,481,"Time Machine, The",5171,,2026-03-27 11:45:18,6
3702,481,Citizen Kane,923,923.0,2026-05-09 19:22:39,2
3703,481,Legally Blonde,4447,4447.0,2026-03-03 18:22:52,5
3704,481,Adaptation,5902,,2025-12-10 01:09:03,4
3705,481,Analyze This,2539,,2025-09-24 07:25:21,9
3706,481,"Wild Bunch, The",599,,2026-08-10 00:15:45,2
3707,481,Bowfinger,2770,,2026-02-08 21:15:20,10
3708,481,Nell,282,,2026-07-09 09:30:04,9
3709,481,Notting Hill,2671,2671.0,2025-09-18 22:24:17,5
3710,482,Borat: Cultural Learnings of America for Make Benefit Glorious Nation of Kazakhstan,48385,,2026-01-31 12:06:42,9
3711,482,"Godfather: Part III, The",2023,2023.0,2025-12-29 13:38:09,4
3712,482,Close Encounters of the Third Kind,3471,,2026-02-01 04:19:54,8
3713,482,"Me, Myself & Irene",3752,,2026-02-12 15:12:50,10
3714,482,Naked Lunch,7123,7123.0,2026-08-27 21:10:50,2
3715,482,Waking Ned Devine,2359,2359.0,2026-06-25 09:06:14,7
3716,482,Star Wars: Episode V - The Empire Strikes Back,1196,,2026-07-24 08:52:50,9
3717,483,Scott Pilgrim vs. the World,79702,79702.0,2026-03-16 15:32:03,8
3718,483,Twister,736,,2026-05-13 21:43:45,8
3719,483,Slumdog Millionaire,63082,63082.0,2026-02-15 14:27:08,4
3720,483,"Heat, The",103372,103372.0,2026-06-10 11:10:30,6
3721,483,Thor: The Dark World,106072,106072.0,2026-06-16 17:24:41,7
3722,483,"New One-Armed Swordsman, The",88327,88327.0,2025-11-08 07:22:05,6
3723,483,Willy Wonka & the Chocolate Factory,1073,1073.0,2025-11-06 14:58:46,2
3724,484,Bad Santa,6957,6957.0,2026-03-15 12:55:21,10
3725,484,Sleepers,1061,,2025-09-17 20:16:04,7
3726,484,Legends of the Fall,266,,2026-08-07 02:00:01,7
3727,484,"Breakfast Club, The",1968,1968.0,2026-03-22 15:05:37,10
3728,484,Hackers,170,,2026-01-01 17:20:15,1
3729,484,Bullets Over Broadway,348,,2026-08-27 18:22:28,5
3730,484,Face/Off,1573,1573.0,2025-09-26 16:11:52,3
3731,484,Airheads,413,413.0,2025-10-04 20:42:52,7
3732,484,Looper,96610,,2026-02-22 07:59:42,2
3733,484,Strictly Ballroom,1188,1188.0,2026-06-16 13:39:11,9
3734,484,Ace Ventura: When Nature Calls,19,19.0,2026-08-18 04:28:08,2
3735,484,Platoon,1090,,2026-08-05 18:23:59,4
3736,485,Resident Evil: Extinction,55232,,2026-04-07 01:10:47,8
3737,485,Inside Out,134853,134853.0,2026-07-28 19:01:06,7
3738,485,Michael Clayton,55276,,2026-05-06 06:33:00,7
3739,485,There's Something About Mary,1923,1923.0,2026-04-02 20:57:27,3
3740,485,"Aviator, The",30812,30812.0,2026-05-18 10:22:58,4
3741,485,Emma,838,838.0,2025-12-02 15:15:29,4
3742,485,Shrek 2,8360,,2026-04-15 21:16:00,8
3743,485,Requiem for a Dream,3949,3949.0,2026-07-24 07:21:09,7
3744,485,"Cider House Rules, The",3148,,2025-12-01 08:46:16,6
3745,485,"Fifth Element, The",1527,1527.0,2025-09-13 10:37:10,4
3746,485,Aladdin,588,,2025-12-23 14:37:35,10
3747,486,Who Framed Roger Rabbit?,2987,,2026-06-27 19:58:22,5
3748,486,Die Hard: With a Vengeance,165,,2026-02-18 09:00:57,5
3749,486,Secret Window,7347,7347.0,2025-10-08 07:15:33,1
3750,486,Zoolander,4816,4816.0,2026-04-24 14:08:34,1
3751,486,Star Trek Into Darkness,102445,102445.0,2025-12-22 20:27:51,2
3752,486,"Iron Giant, The",2761,,2026-07-24 18:47:58,6
3753,486,Jumanji,2,2.0,2026-03-24 00:29:49,3
3754,486,Sabrina,7,,2026-08-26 18:35:56,4
3755,486,It Happened One Night,905,905.0,2026-02-18 12:40:22,2
3756,486,Paul,84772,,2025-11-16 12:14:17,9
3757,486,From Hell,4865,4865.0,2026-01-26 19:49:05,9
3758,486,"Triplets of Belleville, The",6773,,2025-12-23 16:28:18,6
3759,486,You've Got Mail,2424,,2026-07-21 13:38:00,5
3760,486,One Hour Photo,5528,,2026-02-04 14:08:04,10
3761,487,Withnail & I,1202,1202.0,2026-06-07 23:09:07,5
3762,487,Dark City,1748,,2026-06-05 09:31:40,6
3763,487,Oblivion,101864,,2026-02-16 23:01:59,7
3764,487,French Kiss,236,236.0,2026-07-08 11:21:31,3
3765,487,Major League II,26870,26870.0,2025-11-27 23:01:12,2
3766,487,Breakdown,1518,1518.0,2026-03-27 00:36:41,9
3767,487,"Holiday, The",49286,,2026-07-27 21:20:17,6
3768,487,"Monsters, Inc.",4886,4886.0,2026-01-27 17:54:42,5
3769,487,Romancing the Stone,2406,2406.0,2026-02-25 03:03:24,2
3770,487,Working Girl,2245,2245.0,2026-05-13 10:42:23,4
3771,487,"Mighty Wind, A",6296,,2026-07-25 16:43:01,6
3772,487,"Truman Show, The",1682,1682.0,2026-03-02 09:08:16,9
3773,487,The Imitation Game,116797,116797.0,2026-07-05 15:37:32,5
3774,487,X-Men: Days of Future Past,111362,111362.0,2025-10-26 06:01:46,2
3775,488,Batman Forever,153,,2025-11-30 20:17:48,7
3776,488,"Walk to Remember, A",5066,5066.0,2025-10-22 15:48:36,4
3777,488,"Slums of Beverly Hills, The",2155,,2025-10-28 02:49:38,10
3778,488,"Crow: Salvation, The",3563,,2026-08-11 17:49:41,6
3779,488,Snatch,4011,4011.0,2026-08-26 21:56:05,2
3780,488,Da Sweet Blood of Jesus,132422,132422.0,2025-12-04 05:32:47,2
3781,488,Sweeney Todd: The Demon Barber of Fleet Street,56757,,2026-07-06 00:08:39,8
3782,488,Cool Hand Luke,1276,,2026-03-09 11:52:44,5
3783,488,Much Ado About Nothing,497,497.0,2026-02-17 02:25:14,3
3784,488,Monsters University,103141,103141.0,2026-05-17 09:37:35,1
3785,488,"Transporter, The",5574,5574.0,2025-12-01 06:37:39,10
3786,488,Rudderless,116817,116817.0,2026-04-08 11:51:59,3
3787,488,"Lord of the Rings: The Fellowship of the Ring, The",4993,,2026-01-30 18:28:47,8
3788,488,I.Q.,252,,2026-05-09 23:29:13,1
3789,489,"Town, The",80489,80489.0,2026-04-23 13:40:09,5
3790,489,Blood Diamond,49530,49530.0,2025-09-09 01:03:30,3
3791,490,Quiz Show,300,300.0,2025-10-21 06:13:23,2
3792,490,Roger & Me,2064,2064.0,2026-08-31 20:48:28,4
3793,490,Life Stinks,6203,6203.0,2026-05-14 12:50:22,3
3794,490,Days of Thunder,1100,,2026-01-06 11:59:38,10
3795,491,Just Married,6006,6006.0,2026-08-13 04:21:30,3
3796,491,Evolution,4343,4343.0,2026-01-09 11:03:11,1
3797,491,Fight Club,2959,2959.0,2026-05-16 17:39:11,2
3798,491,Scream,1407,,2026-01-10 06:47:26,8
3799,491,Teenage Mutant Ninja Turtles,3438,3438.0,2025-12-18 06:58:17,4
3800,491,Shrek,4306,4306.0,2026-08-28 04:21:34,5
3801,491,Ali,5009,,2026-05-30 03:42:36,5
3802,491,Reservoir Dogs,1089,1089.0,2026-08-18 13:34:08,8
3803,491,"Clockwork Orange, A",1206,1206.0,2026-06-23 20:05:20,3
3804,491,"Mask, The",367,367.0,2025-10-05 17:57:31,7
3805,491,"Royal Tenenbaums, The",4979,4979.0,2026-06-22 15:12:20,2
3806,491,Batman & Robin,1562,1562.0,2026-05-05 08:11:59,4
3807,491,Freedom Writers,49910,,2026-07-01 23:16:10,10
3808,491,Reservoir Dogs,1089,,2025-12-05 18:44:55,4
3809,492,"American Werewolf in London, An",1321,,2026-06-09 23:26:49,8
3810,492,Christmas Vacation,2423,2423.0,2026-04-12 09:31:04,7
3811,492,Cast Away,4022,,2025-12-12 01:38:35,10
3812,492,Jumanji,2,,2026-08-03 11:06:13,5
3813,492,Raising Arizona,1394,,2025-10-02 01:21:14,2
3814,492,"Way, Way Back, The",102993,102993.0,2025-12-31 19:10:27,2
3815,492,Despicable Me,79091,79091.0,2026-07-20 07:58:52,9
3816,493,Slumdog Millionaire,63082,63082.0,2026-07-23 02:15:01,1
3817,493,Finding Nemo,6377,,2026-06-24 23:10:42,2
3818,493,Benny & Joon,1441,,2026-03-22 21:01:19,3
3819,493,Avatar,72998,,2026-03-31 19:18:36,10
3820,493,Virtuosity,338,338.0,2025-11-08 02:26:35,10
3821,493,Lady and the Tramp,2080,2080.0,2025-10-07 06:33:33,3
3822,493,Your Highness,87529,,2025-10-25 20:50:31,10
3823,493,Seeking a Friend for the End of the World,95309,95309.0,2026-01-01 20:16:30,4
3824,493,2 Fast 2 Furious,6383,,2026-08-07 08:06:50,4
3825,494,Angel Heart,3706,,2025-10-02 05:04:42,10
3826,494,"African Queen, The",969,969.0,2026-06-16 15:34:33,4
3827,494,Hollow Man,3826,,2026-07-06 13:20:33,9
3828,494,Spider-Man,5349,,2025-12-07 08:34:18,8
3829,494,Universal Soldier: The Return,2807,,2025-12-25 12:45:18,9
3830,494,Luna Papa,8454,8454.0,2026-03-17 10:20:15,3
3831,494,Star Wars: Episode VI - Return of the Jedi,1210,,2026-08-19 01:06:53,6
3832,494,"Adjustment Bureau, The",84954,84954.0,2026-05-23 22:05:35,1
3833,494,Dante's Peak,1438,,2026-06-28 06:05:26,10
3834,495,Strange Brew,5650,5650.0,2026-05-02 06:59:08,2
3835,495,End of Days,3113,,2026-07-28 05:42:47,6
3836,495,"Clockwork Orange, A",1206,,2026-01-27 03:15:01,10
3837,496,Signs,5502,5502.0,2026-08-12 09:01:15,10
3838,496,Fantastic Mr. Fox,72226,72226.0,2026-03-14 03:32:43,7
3839,496,Inception,79132,79132.0,2026-03-09 15:21:32,3
3840,496,F/X,3763,3763.0,2025-09-22 14:45:47,1
3841,496,While You Were Sleeping,339,339.0,2026-04-04 13:13:28,7
3842,496,Miller's Crossing,1245,1245.0,2025-09-11 20:56:28,7
3843,496,American History X,2329,2329.0,2026-03-07 22:39:27,6
3844,496,Amadeus,1225,1225.0,2026-03-25 10:53:13,4
3845,496,The Book of Life,115664,,2026-06-05 03:47:32,10
3846,496,"Crazy, Stupid, Love.",88163,,2026-06-19 06:00:18,8
3847,496,"General's Daughter, The",2688,2688.0,2026-07-30 07:52:56,9
3848,496,"Honey, I Shrunk the Kids",2054,,2025-12-31 04:46:43,8
3849,496,"Power of One, The",8010,8010.0,2026-02-24 13:55:52,1
3850,496,Kalifornia,481,,2025-09-17 23:55:28,10
3851,497,"Bug's Life, A",2355,2355.0,2025-12-11 13:40:40,8
3852,497,Monty Python's The Meaning of Life,6807,6807.0,2025-11-22 17:30:36,7
3853,497,"Counterfeiters, The",58303,58303.0,2026-01-27 11:55:43,6
3854,497,Cousins,5077,5077.0,2025-10-31 19:34:31,2
3855,498,Shine,1357,1357.0,2026-08-06 22:27:21,2
3856,498,Once Upon a Time in America,1227,,2025-11-21 23:12:19,4
3857,498,How to Train Your Dragon 2,112175,112175.0,2026-09-05 19:38:28,2
3858,498,Birdy,3342,3342.0,2026-03-05 05:39:44,4
3859,498,Kill Bill: Vol. 2,7438,7438.0,2025-09-28 15:25:50,3
3860,499,Dogma,3052,,2026-05-14 10:23:07,7
3861,499,Runaway Bride,2724,2724.0,2026-02-15 23:58:44,3
3862,499,Never Been Kissed,2581,,2025-10-12 07:21:43,8
3863,499,Scooby-Doo 2: Monsters Unleashed,7369,7369.0,2026-05-04 10:07:21,3
3864,499,Nymphomaniac: Volume I,108727,108727.0,2026-03-22 00:53:30,8
3865,499,Clerks,223,223.0,2026-03-26 09:44:16,4
3866,499,Slumdog Millionaire,63082,63082.0,2026-07-28 08:42:17,6
3867,499,The Imitation Game,116797,116797.0,2026-03-30 23:34:49,3
3868,499,"Trip to the Moon, A",32898,32898.0,2026-07-31 02:28:40,3
3869,499,Sherlock Holmes,73017,,2025-10-30 11:57:56,10
3870,499,Rush,104913,104913.0,2026-06-14 23:07:12,9
3871,499,Hard Candy,44974,,2026-05-13 17:37:19,9
3872,499,Harry Potter and the Prisoner of Azkaban,8368,8368.0,2026-08-29 04:10:32,5
3873,499,"Secret Life of Walter Mitty, The",106918,106918.0,2026-08-27 08:51:36,3
3874,500,Dead Man Walking,36,,2026-02-04 10:05:12,5
3875,500,"Secret of NIMH, The",2139,,2026-03-24 16:54:43,10
3876,500,Rush Hour,2273,2273.0,2026-01-18 19:43:35,2
3877,501,Now You See Me,102903,,2026-06-06 03:51:54,6
3878,501,"Silence of the Lambs, The",593,593.0,2026-02-23 22:58:26,2
3879,501,Spider-Man,5349,,2026-01-14 22:39:29,10
3880,502,Cloud Atlas,97752,97752.0,2026-08-29 13:43:33,1
3881,502,Stargate,316,,2026-02-03 02:01:49,7
3882,502,Inspector Gadget,2720,,2026-07-24 12:37:37,3
3883,502,No Country for Old Men,55820,55820.0,2026-02-04 20:06:40,5
3884,502,"Girl Next Door, The",7346,7346.0,2026-05-04 05:58:17,2
3885,502,Bill & Ted's Excellent Adventure,4571,,2025-12-13 21:19:08,5
3886,503,Die Hard: With a Vengeance,165,,2026-08-13 05:11:36,4
3887,503,"Good, the Bad and the Ugly, The",1201,,2026-09-05 03:07:43,3
3888,503,G.I. Jane,1586,,2026-03-17 08:36:44,6
3889,503,Willy Wonka & the Chocolate Factory,1073,1073.0,2026-03-03 14:32:30,3
3890,503,"Shawshank Redemption, The",318,318.0,2026-07-20 05:05:25,1
3891,503,"Fearless Hyena, The",98499,,2026-05-22 13:46:50,10
3892,503,"O Brother, Where Art Thou?",4027,4027.0,2026-05-01 16:02:48,6
3893,503,Dragonheart,653,653.0,2026-03-06 09:45:29,3
3894,503,Donnie Darko,4878,,2025-12-25 02:59:15,7
3895,503,24 Hour Party People,5508,5508.0,2025-11-01 20:37:05,8
3896,503,Erin Brockovich,3408,,2025-10-14 15:38:58,10
3897,503,Ocean's Eleven,4963,,2026-09-06 14:59:46,10
3898,503,Hard Rain,1752,1752.0,2026-05-27 04:45:34,4
3899,504,Independence Day,780,,2026-03-08 22:33:21,4
3900,505,Risky Business,2915,2915.0,2026-02-18 19:30:41,2
3901,505,Lady and the Tramp,2080,2080.0,2025-11-11 15:22:40,1
3902,505,How to Train Your Dragon,76093,,2026-07-02 06:43:25,6
3903,505,Victor/Victoria,1081,1081.0,2025-11-17 09:10:45,6
3904,505,Mondays in the Sun,6571,6571.0,2026-06-14 05:25:45,2
3905,506,Field of Dreams,1302,1302.0,2026-04-05 12:41:14,1
3906,506,Men in Black II,5459,,2026-01-24 13:13:19,8
3907,506,Akira,1274,1274.0,2026-01-23 22:00:52,2
3908,506,"Fistful of Dollars, A",2951,2951.0,2026-08-29 22:49:50,8
3909,506,"American Werewolf in London, An",1321,,2026-09-07 14:11:47,8
3910,506,Amadeus,1225,,2026-03-13 02:31:06,10
3911,506,Frailty,5294,5294.0,2025-12-14 12:55:42,3
3912,507,Pitch Black,3300,3300.0,2025-09-17 08:21:27,6
3913,507,M,1260,1260.0,2026-08-04 22:35:23,3
3914,507,Chocolat,4014,4014.0,2025-12-15 19:16:42,3
3915,507,Monty Python's Life of Brian,1080,1080.0,2026-02-07 17:43:40,6
3916,507,Dark City,1748,,2025-11-20 12:36:30,6
3917,508,PCU,6811,6811.0,2026-02-13 12:25:20,5
3918,508,Toy Story,1,1.0,2026-01-20 00:08:03,5
3919,508,"Goonies, The",2005,,2026-07-04 07:21:00,9
3920,508,Braveheart,110,110.0,2025-11-06 04:19:39,8
3921,508,Swordfish,4344,4344.0,2026-06-13 05:42:36,7
3922,508,Traffic,4034,,2025-09-17 05:56:40,5
3923,508,"Godfather: Part II, The",1221,,2025-11-19 23:00:30,10
3924,508,"Bourne Identity, The",5418,5418.0,2026-05-03 13:54:27,7
3925,508,Star Trek: First Contact,1356,1356.0,2025-12-02 12:39:06,7
3926,508,Star Wars: Episode V - The Empire Strikes Back,1196,,2025-09-23 12:27:02,7
3927,508,Psycho,1219,1219.0,2026-03-14 02:16:20,3
3928,509,Donnie Darko,4878,4878.0,2025-12-18 05:07:25,10
3929,509,Crazy/Beautiful,4372,4372.0,2026-07-07 03:01:08,2
3930,509,Terminator 3: Rise of the Machines,6537,,2026-01-28 23:05:23,6
3931,509,"Thomas Crown Affair, The",2764,,2025-11-23 15:06:09,5
3932,509,Rob Roy,151,,2026-02-10 06:46:29,9
3933,509,Jaws 2,1388,1388.0,2026-08-15 13:30:03,6
3934,510,Another Stakeout,415,415.0,2025-09-08 15:04:47,4
3935,510,Airheads,413,413.0,2026-01-24 13:32:01,4
3936,510,Django Unchained,99114,,2025-09-26 00:20:14,5
3937,510,The Butterfly Effect,7254,7254.0,2026-02-09 10:54:42,5
3938,511,"Secret Garden, The",531,,2026-02-21 05:42:56,9
3939,511,Memento,4226,,2026-02-16 18:27:30,5
3940,511,House of Flying Daggers,8983,8983.0,2026-02-03 19:32:23,1
3941,511,Basic Instinct,1092,1092.0,2026-04-03 23:56:59,5
3942,511,"Legally Blonde 2: Red, White & Blonde",6535,6535.0,2026-08-13 02:40:32,3
3943,511,Jason's Lyric,391,,2025-09-20 05:33:34,6
3944,511,Schindler's List,527,,2026-02-14 21:10:08,4
3945,511,Beauty and the Beast,595,595.0,2026-02-03 22:00:38,2
3946,511,Dances with Wolves,590,,2025-12-10 22:28:06,2
3947,511,Next Stop Wonderland,2171,,2026-07-13 08:42:42,10
3948,512,Saving Private Ryan,2028,2028.0,2026-03-11 21:31:08,4
3949,512,Addams Family Values,410,410.0,2026-01-31 18:55:03,9
3950,512,"Dark Knight, The",58559,58559.0,2025-11-10 09:38:38,1
3951,512,Whiplash,112552,112552.0,2026-01-19 06:40:03,3
3952,512,Clueless,39,39.0,2026-07-20 21:26:48,7
3953,512,Super 8,87306,,2025-11-02 02:57:20,8
3954,512,"Incredibles, The",8961,8961.0,2026-06-22 03:32:23,2
3955,512,Harriet the Spy,801,801.0,2026-04-12 03:21:37,3
3956,512,42nd Street,7080,7080.0,2026-08-04 06:37:11,1
3957,512,"Clockwork Orange, A",1206,,2026-04-09 07:21:22,1
3958,512,Intouchables,92259,92259.0,2026-02-10 05:29:42,6
3959,512,Mighty Joe Young,2429,2429.0,2025-10-20 10:55:17,4
3960,513,17 Again,68135,,2026-02-14 17:09:37,4
3961,513,Saving Private Ryan,2028,2028.0,2025-11-17 22:00:57,1
3962,513,Dead Man Walking,36,,2026-05-02 17:51:28,10
3963,513,Chill Factor,2835,2835.0,2026-03-08 06:56:14,4
3964,513,"Texas Chainsaw Massacre, The",2459,2459.0,2025-09-15 02:02:52,2
3965,513,Fargo,608,,2026-06-16 20:04:11,6
3966,513,"Fugitive, The",457,,2026-07-18 11:05:09,10
3967,513,Brassed Off,1542,1542.0,2026-07-14 22:27:04,8
3968,513,Idle Hands,2606,,2025-09-16 08:52:42,2
3969,513,"Net, The",185,,2026-01-29 05:40:15,5
3970,513,Total Recall,2916,,2026-06-27 02:32:19,9
3971,513,"Nutty Professor, The",2136,,2025-12-03 19:06:45,10
3972,513,Mary Shelley's Frankenstein,273,,2026-04-26 13:46:20,9
3973,513,"Shawshank Redemption, The",318,,2026-05-18 18:59:27,7
3974,514,"Farmer's Daughter, The",8611,8611.0,2025-11-25 21:36:27,5
3975,514,"Village, The",8783,,2026-08-05 03:43:22,1
3976,514,"Flamingo Kid, The",3308,3308.0,2025-10-17 02:11:35,2
3977,515,Forrest Gump,356,,2026-07-06 10:57:01,4
3978,515,Repo Man,1965,,2026-08-28 09:50:50,4
3979,515,Jurassic Park,480,480.0,2026-08-13 16:32:50,1
3980,515,"Adventures of Buckaroo Banzai Across the 8th Dimension, The",3070,3070.0,2026-07-13 20:50:00,2
3981,515,Alice in Wonderland,74789,,2026-07-21 17:03:27,6
3982,515,Everyone Says I Love You,1057,1057.0,2026-02-21 06:17:49,3
3983,515,Mission: Impossible II,3623,,2026-05-14 15:40:14,3
3984,515,My Cousin Vinny,2302,2302.0,2026-06-30 14:06:12,3
3985,516,Dragonheart,653,653.0,2026-02-07 06:51:23,7
3986,516,"Dark Crystal, The",2140,,2026-09-06 14:19:57,8
3987,517,Reservoir Dogs,1089,1089.0,2025-11-24 20:32:25,2
3988,517,"Secret Garden, The",531,531.0,2026-05-27 06:55:57,7
3989,517,"Others, The",4720,,2026-08-31 22:50:25,9
3990,517,Sherlock Holmes: A Game of Shadows,91542,91542.0,2026-01-02 04:31:17,5
3991,518,"Lord of the Rings: The Fellowship of the Ring, The",4993,,2026-06-17 00:46:58,6
3992,518,Boys on the Side,218,218.0,2025-09-25 04:19:25,3
3993,518,Talladega Nights: The Ballad of Ricky Bobby,46970,,2025-10-15 15:22:30,10
3994,518,Moulin Rouge,4308,,2025-12-25 20:46:37,7
3995,518,"Way of the Gun, The",3896,3896.0,2025-10-29 15:04:55,1
3996,518,"Jungle Book, The",2078,2078.0,2026-05-06 00:25:51,5
3997,518,Beauty and the Beast,595,595.0,2026-04-21 20:12:02,3
3998,519,St. Elmo's Fire,2146,2146.0,2026-06-16 03:17:19,4
3999,519,Looper,96610,,2026-07-01 13:15:45,7
4000,519,"40-Year-Old Virgin, The",35836,,2026-09-07 06:21:45,10
4001,519,Dawn of the Planet of the Apes,112623,112623.0,2026-04-25 09:30:50,3
4002,519,"Terminator, The",1240,1240.0,2026-08-03 08:56:54,5
4003,519,X-Men Origins: Wolverine,68319,,2026-05-10 13:02:48,4
4004,519,Wild Things,1805,,2026-06-20 13:05:31,10
4005,519,Batman,592,,2025-10-07 06:26:46,9
4006,519,Bill & Ted's Excellent Adventure,4571,,2026-06-20 05:40:56,7
4007,519,Beowulf,55995,55995.0,2025-12-27 10:00:49,3
4008,519,Cold Fever,649,649.0,2026-08-03 07:56:52,3
4009,520,Transporter 2,36519,,2026-03-29 08:45:25,5
4010,520,"Lord of the Rings: The Two Towers, The",5952,5952.0,2025-09-21 16:49:43,2
4011,520,Chariots of Fire,1957,1957.0,2026-01-05 06:02:09,8
4012,520,Best in Show,3911,3911.0,2026-03-29 19:25:23,1
4013,521,Stargate,316,,2026-02-27 16:36:41,8
4014,521,"Big Lebowski, The",1732,,2026-05-04 08:42:47,3
4015,521,Inception,79132,79132.0,2026-02-24 01:52:14,2
4016,521,Kill Bill: Vol. 2,7438,,2026-01-10 03:10:17,7
4017,521,Dave,440,440.0,2025-11-07 17:34:48,10
4018,521,Big Daddy,2694,2694.0,2026-05-02 05:41:31,4
4019,521,"World Is Not Enough, The",3082,3082.0,2026-03-30 02:17:39,3
4020,521,Iron Man,59315,59315.0,2026-06-26 09:36:24,7
4021,521,Love Actually,6942,,2026-02-17 03:57:00,4
4022,521,"Mummy Returns, The",4270,,2026-05-25 00:42:44,5
4023,522,Ferris Bueller's Day Off,2918,2918.0,2025-12-24 23:05:47,5
4024,522,"Clockwork Orange, A",1206,1206.0,2026-08-31 02:28:08,10
4025,522,Crimson Tide,161,161.0,2026-09-01 18:58:46,10
4026,522,Fight Club,2959,,2026-01-31 12:34:31,5
4027,522,Five Easy Pieces,3201,3201.0,2026-04-19 15:58:20,1
4028,523,Taxi Driver,111,111.0,2025-12-06 16:02:31,3
4029,523,Mud,102194,102194.0,2026-06-01 20:47:15,4
4030,523,Fight Club,2959,,2026-08-18 05:05:38,10
4031,523,"New York, I Love You",71823,,2026-07-20 08:21:38,5
4032,523,"Bourne Identity, The",5418,5418.0,2026-09-01 17:49:02,4
4033,523,21,58803,,2025-10-09 11:28:59,8
4034,523,Lucy,111360,111360.0,2026-08-06 04:14:13,6
4035,524,16 Blocks,43936,43936.0,2025-10-21 02:04:08,4
4036,525,Jurassic Park,480,,2025-11-08 10:15:32,6
4037,525,Flight of the Navigator,2046,2046.0,2025-10-04 02:08:23,8
4038,525,Something to Talk About,195,,2026-07-08 17:35:58,4
4039,525,Dark City,1748,1748.0,2026-02-09 09:40:16,6
4040,525,"Shawshank Redemption, The",318,,2026-05-30 21:46:59,3
4041,525,Monty Python and the Holy Grail,1136,,2026-02-14 11:02:45,5
4042,525,Armageddon,1917,,2025-11-22 16:39:52,6
4043,525,"Fifth Element, The",1527,1527.0,2025-11-16 03:07:18,2
4044,525,"Killing Fields, The",1299,1299.0,2025-12-22 18:47:14,1
4045,525,Heavenly Creatures,247,247.0,2025-10-13 04:22:34,10
4046,526,Invasion of the Body Snatchers,2664,2664.0,2025-12-21 00:36:07,2
4047,526,"Truman Show, The",1682,1682.0,2026-04-29 18:00:49,2
4048,526,Léon: The Professional,293,,2026-01-03 19:40:35,8
4049,526,Grosse Pointe Blank,1500,,2025-12-11 03:09:22,9
4050,526,Stigmata,2840,2840.0,2026-03-03 01:14:13,1
4051,526,Snakes on a Plane,46965,,2026-08-05 20:45:59,8
4052,526,Presumed Innocent,7018,7018.0,2026-05-17 10:32:18,8
4053,526,Saving Private Ryan,2028,,2026-09-03 09:44:37,10
4054,526,Twelve Monkeys,32,,2026-08-01 13:24:35,9
4055,526,Billy Elliot,3967,3967.0,2025-12-27 21:30:02,2
4056,526,"Jewel of the Nile, The",2405,,2026-03-14 22:35:09,1
4057,526,"Nightmare on Elm Street 3: Dream Warriors, A",1970,,2025-12-21 17:30:43,5
4058,526,"King's Speech, The",81845,,2026-05-14 19:38:02,10
4059,527,"Holiday, The",49286,49286.0,2025-09-15 04:27:34,3
4060,527,From Dusk Till Dawn,70,,2026-08-06 05:23:50,9
4061,527,Masterminds,162478,162478.0,2025-10-21 05:34:33,2
4062,527,Courage Under Fire,647,647.0,2026-06-03 02:10:03,1
4063,528,Mary Poppins,1028,,2026-02-21 14:23:19,2
4064,528,"Godfather, The",858,858.0,2026-05-19 10:31:26,4
4065,528,V for Vendetta,44191,44191.0,2026-03-27 01:25:55,6
4066,528,Hero,7090,,2026-02-14 04:26:53,7
4067,528,"Lord of the Rings: The Return of the King, The",7153,7153.0,2026-07-27 02:38:18,5
4068,528,House of Flying Daggers,8983,,2025-11-11 05:49:34,10
4069,528,Clockers,159,,2026-01-21 01:46:17,3
4070,528,Hot Tub Time Machine,76077,76077.0,2026-01-18 10:08:31,5
4071,529,The Intern,140110,,2026-07-26 06:17:19,10
4072,530,"Monsters, Inc.",4886,,2026-04-22 07:06:29,4
4073,530,Lethal Weapon 2,2001,2001.0,2026-05-22 12:06:37,2
4074,530,Twelve Monkeys,32,32.0,2025-11-25 22:48:47,2
4075,530,Sabrina,915,915.0,2026-08-13 15:34:39,1
4076,530,Mrs. Doubtfire,500,500.0,2026-08-26 04:33:01,5
4077,530,Sneakers,1396,,2026-03-25 06:46:14,10
4078,530,"I, Robot",8644,8644.0,2026-08-06 11:45:11,4
4079,530,What Lies Beneath,3798,3798.0,2026-08-07 01:44:54,5
4080,530,Mean Girls,7451,,2026-09-06 15:45:28,10
4081,530,Jurassic Park,480,480.0,2025-12-27 21:11:08,7
4082,530,Grease,1380,,2026-06-09 03:10:59,5
4083,530,Manderlay,39869,,2025-10-11 13:26:27,2
4084,530,Tenacious D in The Pick of Destiny,49396,49396.0,2026-04-26 00:16:08,3
4085,530,Jerry Maguire,1393,,2025-10-09 08:21:11,4
4086,531,"Silence of the Lambs, The",593,593.0,2026-04-18 14:47:57,2
4087,532,Wyatt Earp,383,383.0,2026-06-01 22:54:07,4
4088,532,"Jewel of the Nile, The",2405,2405.0,2026-07-09 15:49:55,5
4089,532,"Dark Crystal, The",2140,2140.0,2025-11-11 07:14:22,1
4090,532,"Hunt for Red October, The",1610,,2025-11-23 14:19:57,6
4091,532,Easy Rider,3168,3168.0,2026-08-15 04:19:32,7
4092,532,"Patriot, The",3753,3753.0,2026-02-23 01:14:21,3
4093,532,"Matrix, The",2571,2571.0,2025-12-06 05:24:27,3
4094,533,Cloudy with a Chance of Meatballs,71264,71264.0,2026-02-19 16:33:37,1
4095,533,"Skeleton Key, The",34532,,2025-12-31 02:08:06,10
4096,533,Die Hard,1036,,2026-07-10 09:35:46,8
4097,533,Emma,838,838.0,2025-11-20 22:42:35,4
4098,533,There Will Be Blood,56782,56782.0,2026-02-28 06:00:46,7
4099,533,Gone in 60 Seconds,3717,,2026-05-06 03:38:09,4
4100,533,Wait Until Dark,6639,,2026-08-02 04:52:49,5
4101,533,Watchmen,60684,,2025-11-30 18:10:05,9
4102,533,Sabrina,7,7.0,2026-04-11 23:54:15,3
4103,533,Runaway Bride,2724,,2026-08-15 04:44:09,10
4104,533,Wind River,175569,175569.0,2026-02-23 19:23:44,1
4105,533,Pi,1921,,2025-09-29 03:54:50,7
4106,534,Logan,168252,168252.0,2026-02-20 05:18:51,3
4107,534,Underworld,6754,6754.0,2025-12-27 23:23:09,3
4108,534,Guardians of the Galaxy,112852,,2026-09-08 13:00:57,7
4109,534,"Faculty, The",2428,2428.0,2026-07-26 04:57:53,4
4110,534,"Cider House Rules, The",3148,,2026-06-23 06:49:24,8
4111,534,Day of Wrath,25898,25898.0,2026-08-30 13:46:53,4
4112,534,Cocoon,2407,,2026-06-04 07:03:40,4
4113,534,Independence Day,780,780.0,2026-09-07 14:43:24,5
4114,534,"Sex, Lies, and Videotape",1186,,2025-12-12 01:55:03,7
4115,534,"Island of Dr. Moreau, The",880,880.0,2026-03-07 19:25:32,2
4116,534,Isle of Dogs,183897,,2026-05-31 05:49:09,10
4117,534,Forrest Gump,356,,2026-02-09 03:21:13,7
4118,534,Pirates of the Caribbean: At World's End,53125,53125.0,2025-09-10 18:01:11,9
4119,535,Traffic,4034,4034.0,2026-01-16 17:06:18,6
4120,535,Stop! Or My Mom Will Shoot,3268,,2025-12-24 08:18:42,8
4121,535,Vampire in Brooklyn,93,93.0,2026-07-24 08:29:23,6
4122,535,Star Wars: Episode VII - The Force Awakens,122886,,2026-01-31 03:09:56,10
4123,535,Kingdom of Heaven,33162,,2026-07-25 11:43:53,8
4124,535,Zero Effect,1845,1845.0,2026-05-09 12:40:18,6
4125,535,American Pie 2,4718,4718.0,2026-09-02 22:50:28,1
4126,535,"Family Stone, The",41573,41573.0,2026-04-21 01:27:55,1
4127,535,Jurassic Park,480,,2026-06-21 13:36:04,4
4128,535,House of Cards,6998,,2026-05-28 23:39:33,5
4129,536,Star Wars: Episode I - The Phantom Menace,2628,2628.0,2026-05-09 00:44:06,1
4130,536,Cure,4645,4645.0,2025-12-15 18:29:27,9
4131,536,Aladdin,588,588.0,2026-02-09 18:19:49,1
4132,536,"Monsters, Inc.",4886,4886.0,2026-07-11 16:42:14,1
4133,537,Angels in the Outfield,1021,1021.0,2025-09-14 09:42:51,4
4134,537,In Cold Blood,6852,,2026-05-04 05:13:51,7
4135,537,"Grand Budapest Hotel, The",109374,109374.0,2025-10-28 15:45:04,1
4136,537,Atlantic City,2130,2130.0,2026-03-11 17:43:53,5
4137,537,Analyze This,2539,,2025-12-26 19:42:22,9
4138,537,"Full Monty, The",1641,1641.0,2026-06-11 03:31:31,3
4139,537,"Road Warrior, The",3703,3703.0,2026-02-25 00:27:29,7
4140,537,Hoop Dreams,246,,2025-09-12 06:52:07,10
4141,537,"Adventures of Priscilla, Queen of the Desert, The",345,,2025-12-09 12:52:34,10
4142,538,Table 19,170401,170401.0,2026-05-18 14:29:17,4
4143,538,Romancing the Stone,2406,,2026-02-23 17:07:03,5
4144,538,State of Play,68159,68159.0,2026-08-06 07:45:39,10
4145,539,Zack and Miri Make a Porno,62434,,2026-02-28 11:17:19,7
4146,539,Night at the Museum,46972,46972.0,2025-12-04 21:40:50,7
4147,539,Operation Dumbo Drop,688,,2026-05-21 22:31:00,10
4148,539,Schizopolis,1546,,2026-06-03 13:43:19,8
4149,539,Galaxy Quest,3175,,2026-04-16 08:21:24,9
4150,539,Léon: The Professional,293,,2026-06-14 12:01:16,7
4151,539,Back to the Future Part III,2012,,2026-02-28 02:19:08,5
4152,539,Pleasantville,2321,,2026-03-08 08:15:24,10
4153,539,Star Trek: Generations,329,329.0,2026-03-19 21:31:17,1
4154,539,Shrek 2,8360,,2025-11-11 14:53:21,4
4155,539,L.A. Confidential,1617,,2026-01-15 02:19:35,8
4156,540,Star Trek: Nemesis,5944,,2026-05-31 18:57:29,3
4157,540,Death Proof,53519,,2026-07-21 18:13:22,6
4158,541,Barton Fink,6440,6440.0,2026-01-06 04:05:41,2
4159,541,Dances with Wolves,590,,2026-03-11 11:40:11,7
4160,541,Sherlock Holmes,73017,73017.0,2026-01-06 03:02:28,5
4161,541,Gran Torino,64614,64614.0,2026-02-23 15:33:50,8
4162,542,Star Wars: Episode V - The Empire Strikes Back,1196,1196.0,2026-01-04 21:54:47,2
4163,542,Roger & Me,2064,,2026-02-19 21:26:51,4
4164,542,Rocky IV,2411,2411.0,2026-08-22 02:44:58,2
4165,542,Paul,84772,84772.0,2026-09-07 04:29:21,5
4166,542,Schindler's List,527,527.0,2025-10-19 11:58:50,8
4167,542,"Replacements, The",3861,3861.0,2026-05-31 06:14:23,6
4168,542,"Emperor's New Groove, The",4016,,2025-11-02 21:33:05,6
4169,542,"Thing, The",2288,2288.0,2025-12-28 11:29:09,4
4170,542,"Lord of the Rings: The Two Towers, The",5952,5952.0,2025-12-02 12:23:11,2
4171,542,The Boy Next Door,128592,,2025-12-08 19:18:08,8
4172,543,U-571,3555,3555.0,2026-04-09 17:51:47,6
4173,543,Ice Age,5218,,2026-04-08 04:12:44,7
4174,543,Intolerable Cruelty,6873,,2026-01-13 15:06:11,10
4175,543,Martha Marcy May Marlene,90374,,2026-02-05 18:02:01,10
4176,543,"Matrix, The",2571,2571.0,2025-11-30 08:43:34,3
4177,543,Generation P,89898,,2026-04-24 05:30:33,10
4178,543,Spellbound,931,931.0,2026-04-12 19:12:16,9
4179,544,"Social Network, The",80463,80463.0,2026-03-03 19:17:08,2
4180,544,Sixteen Candles,2144,2144.0,2026-09-04 06:22:48,2
4181,544,Harry Potter and the Goblet of Fire,40815,40815.0,2025-10-17 21:50:34,6
4182,544,"Bridge Too Far, A",7980,7980.0,2026-03-23 08:40:44,6
4183,544,"Insider, The",3006,,2026-03-05 14:25:30,8
4184,544,Misery,3499,,2026-02-23 20:52:23,6
4185,544,Monty Python and the Holy Grail,1136,,2026-04-05 11:53:31,3
4186,544,Citizen Kane,923,,2026-08-09 03:18:02,7
4187,544,Deep Impact,1876,1876.0,2025-11-21 02:17:25,3
4188,544,Honey,7142,,2025-12-31 23:19:36,1
4189,544,"Chronicles of Narnia: The Lion, the Witch and the Wardrobe, The",41566,41566.0,2025-09-10 06:31:37,5
4190,545,Cop Land,1589,,2026-07-15 17:21:07,7
4191,545,Housesitter,6999,6999.0,2026-09-08 06:59:23,7
4192,545,Beetlejuice,2174,2174.0,2025-11-20 13:50:16,4
4193,545,Chicken Run,3751,,2026-03-26 00:14:39,10
4194,545,Citizen Kane,923,923.0,2026-01-12 05:52:24,3
4195,545,"Dark Knight Rises, The",91529,91529.0,2026-06-20 16:41:46,2
4196,545,"Gods Must Be Crazy, The",2150,,2026-01-04 08:50:03,8
4197,545,"Lost World: Jurassic Park, The",1544,1544.0,2026-03-23 01:56:03,2
4198,546,Tombstone,553,553.0,2026-06-25 22:15:22,3
4199,546,Bridesmaids,86833,86833.0,2026-01-18 21:31:12,4
4200,546,American Psycho,3535,,2026-08-23 06:08:53,9
4201,546,Happy Gilmore,104,104.0,2026-04-12 05:49:24,1
4202,546,Lord of Illusions,177,177.0,2025-12-25 07:28:37,2
4203,546,Rent,40826,40826.0,2026-02-25 03:11:43,3
4204,547,Evolution,4343,,2026-04-08 10:03:01,9
4205,547,Ocean's Twelve,8984,,2026-07-04 23:23:31,10
4206,547,Kiss Me Deadly,4426,4426.0,2026-08-17 00:13:33,3
4207,547,Boogie Nights,1673,1673.0,2025-10-12 18:23:33,1
4208,547,"Salton Sea, The",5329,5329.0,2025-11-12 07:58:07,5
4209,548,Office Romance,133712,,2026-08-19 22:56:02,8
4210,548,Gangs of New York,5956,5956.0,2025-12-09 05:51:32,2
4211,549,Crocodile Dundee II,2471,,2025-10-21 11:10:29,10
4212,550,Random Harvest,25886,25886.0,2026-08-30 08:29:54,4
4213,550,Clerks II,45728,45728.0,2025-09-14 20:45:36,9
4214,550,Good Will Hunting,1704,,2025-09-11 07:13:36,8
4215,550,Sin City,32587,32587.0,2026-05-20 20:53:07,4
4216,551,Stranger than Fiction,46976,,2026-03-23 13:58:42,1
4217,551,Men in Black,1580,1580.0,2026-06-20 06:04:41,3
4218,551,Requiem for a Dream,3949,3949.0,2025-12-02 00:56:51,3
4219,551,"South Park: Bigger, Longer and Uncut",2700,2700.0,2025-11-12 17:29:49,2
4220,551,Liar Liar,1485,1485.0,2025-09-23 07:43:12,2
4221,551,When a Man Loves a Woman,381,,2026-01-25 22:30:12,10
4222,552,Michael Clayton,55276,,2026-07-04 21:50:36,5
4223,552,Entrapment,2605,2605.0,2026-07-15 17:04:39,10
4224,553,"Mummy, The",2617,2617.0,2026-04-30 02:30:46,9
4225,554,Lemony Snicket's A Series of Unfortunate Events,27706,27706.0,2026-02-01 10:50:19,9
4226,555,King Kong,2366,2366.0,2026-08-29 04:56:12,7
4227,556,Wallace & Gromit in The Curse of the Were-Rabbit,38038,38038.0,2025-10-04 06:46:11,8
4228,556,Leaving Las Vegas,25,,2025-12-31 19:36:56,7
4229,556,300,51662,,2025-12-26 03:52:43,10
4230,556,Ghosts of Mars,4735,4735.0,2025-10-11 02:16:17,3
4231,556,Wallace & Gromit in The Curse of the Were-Rabbit,38038,38038.0,2025-11-02 22:06:22,4
4232,556,"10,000 BC",58293,58293.0,2026-03-06 00:30:27,5
4233,556,"Treasure of the Sierra Madre, The",1254,1254.0,2025-09-28 00:57:51,2
4234,557,Titanic,1721,,2025-11-12 14:07:25,8
4235,557,"Bourne Identity, The",5418,5418.0,2026-07-05 10:34:04,3
4236,557,Toy Story 2,3114,3114.0,2026-01-12 11:00:21,1
4237,557,"Shining, The",1258,,2026-08-08 06:45:48,6
4238,557,Antz,2294,2294.0,2026-08-26 02:44:15,1
4239,557,Drive,88129,,2026-08-28 07:44:02,7
4240,557,Matewan,3090,,2026-07-27 12:56:18,7
4241,557,"Hunchback of Notre Dame, The",783,,2026-08-19 00:13:23,6
4242,558,Guardians of the Galaxy,112852,112852.0,2026-08-20 02:12:36,4
4243,559,"Silence of the Lambs, The",593,,2025-11-25 16:48:20,10
4244,559,"Insider, The",3006,,2026-01-12 11:09:07,5
4245,559,Star Wars: Episode IV - A New Hope,260,,2026-03-21 22:12:29,7
4246,559,"Very Potter Musical, A",93006,93006.0,2026-03-20 16:30:35,3
4247,559,Game of Death,4441,,2026-07-28 22:00:52,10
4248,560,"Dark Knight, The",58559,,2025-09-11 14:56:58,10
4249,560,Sullivan's Travels,2936,2936.0,2026-06-30 04:21:06,10
4250,560,Contact,1584,,2026-05-09 17:35:22,9
4251,561,Deliverance,2871,2871.0,2026-06-11 20:09:22,3
4252,562,Eyes Wide Shut,2712,,2025-12-21 11:39:23,8
4253,562,"Terminator, The",1240,1240.0,2025-10-09 03:43:16,9
4254,562,Shall We Dance?,1537,,2026-09-07 22:33:53,9
4255,562,Ex Machina,115713,,2026-09-04 12:34:42,6
4256,562,Thunderbirds,8782,8782.0,2026-03-06 01:12:35,4
4257,562,"Net, The",185,185.0,2026-02-10 18:02:02,9
4258,562,Marley & Me,65230,65230.0,2026-08-11 16:53:02,8
4259,562,"Lion King, The",364,364.0,2026-06-03 13:52:14,1
4260,563,The Count of Monte Cristo,5064,5064.0,2026-05-18 15:08:10,1
4261,563,Erin Brockovich,3408,3408.0,2025-11-06 23:53:38,1
4262,563,Metro,1432,1432.0,2026-05-25 00:53:08,4
4263,563,Stranger than Fiction,46976,46976.0,2026-02-23 05:02:28,1
4264,563,Collateral,8798,,2026-07-15 20:20:12,7
4265,563,"Matrix, The",2571,2571.0,2026-09-07 10:54:14,1
4266,563,Pi,1921,1921.0,2025-12-28 20:19:38,2
4267,563,What About Bob?,3809,3809.0,2026-07-31 12:15:41,10
4268,563,The Hunger Games,91500,91500.0,2025-10-20 02:17:14,4
4269,564,"Muppet Christmas Carol, The",2083,2083.0,2026-05-21 02:36:48,1
4270,564,"Score, The",4448,,2026-08-24 12:50:40,8
4271,564,"Limey, The",2912,2912.0,2026-03-23 16:34:17,3
4272,564,American History X,2329,2329.0,2026-03-20 02:12:15,7
4273,564,"Lost Boys, The",4128,4128.0,2026-05-15 23:55:38,6
4274,564,Quiz Show,300,,2025-10-11 21:00:44,3
4275,565,Rush Hour,2273,,2025-11-11 21:41:29,5
4276,565,2001: A Space Odyssey,924,,2026-08-05 15:22:19,8
4277,565,"Lady Eve, The",2935,2935.0,2026-04-21 01:08:34,2
4278,565,Thor: The Dark World,106072,,2025-10-17 11:27:10,5
4279,565,What Women Want,4018,,2026-07-23 18:17:31,6
4280,565,"Graduate, The",1247,1247.0,2026-04-02 04:56:11,4
4281,565,"Celebration, The",2360,,2026-04-22 14:38:14,5
4282,565,"Fast and the Furious, The",4369,,2026-07-08 04:40:38,10
4283,565,"Bucket List, The",56587,56587.0,2025-11-07 06:03:45,5
4284,565,Copycat,22,22.0,2026-01-15 00:01:54,7
4285,566,Inception,79132,79132.0,2025-10-11 18:13:31,2
4286,566,The Imitation Game,116797,116797.0,2026-06-08 22:15:07,2
4287,566,Amelie,4973,,2026-01-08 11:31:22,8
4288,566,Meet the Fockers,30825,,2026-02-17 17:08:08,7
4289,566,Chain Reaction,836,836.0,2025-12-30 15:42:59,7
4290,567,Tommy Boy,333,333.0,2026-04-08 23:17:54,1
4291,567,"Lion King, The",364,,2025-10-22 01:35:39,8
4292,568,Singin' in the Rain,899,,2025-09-30 09:20:16,9
4293,568,Evan Almighty,53993,53993.0,2026-05-05 19:38:02,1
4294,568,Eyes Wide Shut,2712,,2025-10-29 11:59:05,8
4295,568,Cliffhanger,434,434.0,2026-08-02 11:19:51,5
4296,568,"First Wives Club, The",830,,2026-09-01 20:57:02,7
4297,568,Willy Wonka & the Chocolate Factory,1073,,2026-01-26 20:09:09,9
4298,568,Animal House,3421,3421.0,2025-09-10 01:33:49,4
4299,569,"Music Man, The",26084,,2026-07-21 11:23:01,9
4300,569,"Aviator, The",30812,30812.0,2026-08-04 14:50:43,9
4301,569,Men in Black,1580,,2025-11-02 07:02:38,9
4302,569,Ghost,587,,2026-01-05 20:09:57,8
4303,569,"Big Chill, The",2352,,2026-06-18 23:59:56,8
4304,569,Superbad,54503,54503.0,2026-01-14 18:09:27,3
4305,570,Beauty and the Beast,595,,2026-01-09 05:17:23,9
4306,571,Iron Man,59315,,2026-04-22 20:19:32,6
4307,571,Green Zone,74795,,2026-08-24 14:40:03,7
4308,571,Tommy Boy,333,,2026-01-21 09:35:03,6
4309,571,Election,2599,2599.0,2025-12-24 15:50:08,1
4310,571,"Curious Case of Benjamin Button, The",64957,,2026-05-04 13:20:06,8
4311,571,King of Comedy,110281,110281.0,2025-12-19 01:04:26,1
4312,571,Batman: Gotham Knight,60979,60979.0,2026-02-13 13:16:08,7
4313,571,"Crouching Tiger, Hidden Dragon",3996,3996.0,2025-09-19 00:12:29,8
4314,571,Erin Brockovich,3408,3408.0,2026-03-06 13:25:55,2
4315,571,American Graffiti,3363,3363.0,2025-10-02 20:32:53,7
4316,571,"Right Stuff, The",1231,1231.0,2026-01-16 15:24:49,4
4317,571,Independence Day,780,,2026-05-06 09:23:11,10
4318,571,The Hobbit: The Battle of the Five Armies,118696,118696.0,2026-07-14 21:21:06,5
4319,571,"Patriot, The",3753,3753.0,2025-11-11 12:20:28,4
4320,572,Serial Mom,532,532.0,2026-03-22 15:57:39,3
4321,572,"Edge of Heaven, The",55555,55555.0,2026-08-09 01:07:27,1
4322,572,"French Connection, The",1953,,2026-04-07 12:07:54,9
4323,572,"Dictator, The",94677,,2025-10-12 21:15:04,8
4324,572,Frida,5791,5791.0,2026-03-22 05:16:19,1
4325,572,"Abominable Snowman, The",3648,3648.0,2026-03-07 03:33:39,7
4326,572,"Lord of the Rings: The Fellowship of the Ring, The",4993,4993.0,2026-06-27 15:53:53,8
4327,572,Exit to Eden,234,234.0,2025-10-24 22:47:38,5
4328,572,"Good, the Bad and the Ugly, The",1201,,2025-10-10 10:08:03,8
4329,572,Star Trek VI: The Undiscovered Country,1372,,2026-01-05 18:30:26,5
4330,572,"Fast and the Furious, The",4369,4369.0,2026-08-31 16:23:14,7
4331,572,Salvador,4407,4407.0,2026-03-07 11:29:36,9
4332,573,"Black Dahlia, The",48142,,2025-12-22 22:20:39,5
4333,574,Tarzan,2687,,2025-12-13 16:47:53,4
4334,574,Twelve Monkeys,32,32.0,2026-01-25 15:13:43,2
4335,575,Godzilla,1882,1882.0,2025-10-23 16:46:08,1
4336,575,Police Academy,2378,,2025-11-21 00:01:11,3
4337,575,"Avengers, The",89745,,2026-04-21 10:32:44,8
4338,575,Million Dollar Baby,30707,30707.0,2026-08-19 10:12:46,7
4339,576,Tomorrow Never Dies,1722,,2026-04-08 08:52:04,7
4340,576,Joe Dirt,4247,4247.0,2026-05-04 05:15:15,9
4341,576,Rear Window,904,904.0,2025-12-18 15:33:42,2
4342,576,Mystery Train,3521,3521.0,2026-07-18 22:19:55,1
4343,576,"Exorcist III, The",1999,1999.0,2026-04-01 06:04:06,8
4344,576,Children of Men,48774,48774.0,2025-10-17 20:25:58,6
4345,577,Farinelli: il castrato,242,242.0,2026-06-23 02:14:02,3
4346,577,Splash,2100,,2026-08-14 09:36:13,3
4347,578,Mr. & Mrs. Smith,33679,33679.0,2026-06-24 17:07:24,3
4348,578,Daddy Day Care,6338,6338.0,2026-01-11 14:26:27,2
4349,578,Nell,282,282.0,2025-11-05 03:30:40,2
4350,578,American Pie 2,4718,4718.0,2026-08-20 23:47:29,7
4351,578,Men in Black II,5459,5459.0,2026-01-23 13:06:49,2
4352,578,Spectre,136020,136020.0,2026-01-24 13:05:07,6
4353,578,Speed Racer,59037,,2026-05-11 09:40:13,8
4354,578,"Seventh Seal, The",1237,1237.0,2026-06-03 03:03:34,5
4355,578,10 Cloverfield Lane,152077,,2026-05-09 22:44:45,7
4356,578,Bridge of Spies,143385,,2025-12-10 07:44:55,7
4357,578,"Imaginarium of Doctor Parnassus, The",69951,,2026-07-15 10:38:42,3
4358,578,Manhattan,1244,,2025-10-23 07:35:06,2
4359,578,Trainwreck,134393,,2025-12-17 17:52:15,5
4360,579,Conspiracy Theory,1597,,2025-11-02 07:21:02,5
4361,579,Nine Months,186,186.0,2026-08-11 04:14:34,4
4362,579,Star Wars: Episode II - Attack of the Clones,5378,5378.0,2026-07-21 03:29:41,4
4363,579,Pulp Fiction,296,,2025-09-28 13:14:01,5
4364,579,Rush Hour 2,4701,4701.0,2026-07-14 02:22:35,6
4365,579,Forrest Gump,356,,2026-08-16 16:49:05,5
4366,579,"Royal Tenenbaums, The",4979,,2026-08-26 11:15:11,4
4367,580,Much Ado About Nothing,497,497.0,2026-02-16 22:24:09,3
4368,580,Sully,160980,,2025-11-27 10:47:33,10
4369,580,Equilibrium,5903,,2025-12-07 09:59:47,9
4370,580,Field of Dreams,1302,,2026-03-04 15:54:46,3
4371,580,Raiders of the Lost Ark,1198,,2026-06-24 01:34:18,5
4372,580,Smooth Talk,31038,,2025-11-13 07:19:21,4
4373,580,Fried Green Tomatoes,1271,1271.0,2026-03-19 09:19:52,1
4374,580,Jurassic Park,480,,2026-07-29 22:28:44,9
4375,580,Fight Club,2959,2959.0,2026-03-13 11:27:00,8
4376,580,House of Games,4037,,2026-06-08 02:48:05,9
4377,580,"Crow, The",353,,2026-08-01 21:17:57,8
4378,580,Forrest Gump,356,356.0,2026-06-21 15:56:18,5
4379,581,Knocked Up,52973,52973.0,2025-12-13 21:06:14,6
4380,581,"Blues Brothers, The",1220,,2026-01-31 08:57:51,8
4381,581,JFK,3386,,2025-11-13 02:56:16,8
4382,581,Newsies,2084,,2026-02-04 06:37:14,10
4383,581,Fight Club,2959,,2026-05-19 17:15:12,7
4384,581,¡Three Amigos!,2478,,2026-09-05 07:28:37,7
4385,581,Kung Pow: Enter the Fist,5047,5047.0,2025-11-07 14:06:15,3
4386,581,Barry Lyndon,2730,2730.0,2025-09-29 12:47:53,4
4387,581,"Honey, I Blew Up the Kid",2053,2053.0,2026-04-24 17:24:26,3
4388,581,Partly Cloudy,72356,,2025-09-16 14:19:50,6
4389,581,"Sting, The",1234,1234.0,2026-02-28 10:19:32,8
4390,581,Flesh & Blood,7307,,2025-11-12 11:49:42,10
4391,582,Quiz Show,300,300.0,2026-02-11 16:21:10,4
4392,582,My Best Friend's Girl,62439,,2026-08-20 04:12:01,6
4393,582,End of Watch,96811,96811.0,2025-11-26 02:26:42,3
4394,582,Clear and Present Danger,349,,2026-05-02 06:10:21,9
4395,582,Sweet November,4155,,2025-12-06 21:51:57,5
4396,582,Ferris Bueller's Day Off,2918,2918.0,2026-05-07 06:45:34,4
4397,582,School of Rock,6863,,2026-02-23 07:00:28,10
4398,582,Underworld: Evolution,42738,,2026-04-15 13:22:05,7
4399,583,Beetlejuice,2174,2174.0,2026-08-16 19:20:18,2
4400,583,Dances with Wolves,590,590.0,2025-12-18 02:47:17,1
4401,583,About Schmidt,5945,5945.0,2026-06-23 10:51:01,2
4402,583,Daredevil,6157,,2025-11-02 04:33:59,8
4403,583,Star Wars: Episode IV - A New Hope,260,260.0,2025-10-28 00:18:26,7
4404,583,Star Wars: Episode I - The Phantom Menace,2628,2628.0,2026-03-04 09:48:30,2
4405,583,Pumping Iron,7225,,2026-03-23 19:30:52,10
4406,583,"Gods Must Be Crazy, The",2150,2150.0,2026-06-17 23:15:46,3
4407,583,Z,5475,5475.0,2025-12-01 17:46:45,6
4408,584,"Dark Knight, The",58559,,2026-07-08 21:59:31,10
4409,584,Mary Poppins,1028,1028.0,2025-12-08 10:01:03,2
4410,584,Red Planet,3981,,2026-02-05 07:13:23,5
4411,584,Spider-Man,5349,5349.0,2026-03-13 06:02:12,3
4412,584,Collateral,8798,8798.0,2026-01-18 11:19:51,5
4413,584,That Thing You Do!,1042,,2025-10-28 03:11:09,3
4414,584,"Addams Family, The",2124,,2025-12-07 22:30:07,6
4415,584,Kung Fu Panda 2,87222,,2026-08-13 02:43:35,6
4416,584,Cat on a Hot Tin Roof,971,971.0,2026-02-16 00:25:27,3
4417,584,Doctor Who: Voyage Of The Damned,147382,,2026-01-28 18:01:54,9
4418,584,Carlito's Way,431,431.0,2026-03-26 03:49:27,4
4419,584,Back to the Future,1270,1270.0,2026-06-25 16:53:44,3
4420,584,Goodfellas,1213,1213.0,2026-02-23 14:09:12,8
4421,585,Schindler's List,527,527.0,2026-05-30 04:44:18,2
4422,585,Hackers,170,170.0,2026-03-16 23:34:46,6
4423,585,Ocean's Eleven,4963,,2026-04-10 22:54:16,10
4424,585,Battle Royale 2: Requiem,27704,27704.0,2025-11-20 08:27:42,1
4425,585,"Specialist, The",315,,2025-12-10 19:08:36,9
4426,585,Courage Under Fire,647,,2026-05-09 23:36:24,9
4427,585,Moneyball,89492,89492.0,2025-11-15 00:30:55,3
4428,585,Die Hard,1036,,2025-10-02 22:10:47,10
4429,585,Robin Hood: Prince of Thieves,1027,1027.0,2025-10-27 17:53:40,3
4430,585,"Lord of the Rings: The Two Towers, The",5952,5952.0,2026-02-11 23:14:57,9
4431,585,Ghostbusters,2716,2716.0,2026-08-30 04:28:19,2
4432,585,The Spectacular Now,103539,,2025-11-02 12:15:20,5
4433,585,Minority Report,5445,,2026-01-25 14:41:32,6
4434,585,Garden State,8784,8784.0,2026-02-11 00:28:33,1
4435,586,Fantasia 2000,3159,,2026-08-25 15:20:39,8
4436,586,Bloodsport 2,667,667.0,2026-07-01 16:04:37,1
4437,586,Ice Age 2: The Meltdown,44022,44022.0,2026-07-01 16:44:42,1
4438,586,Showgirls,193,,2026-01-28 02:48:23,5
4439,586,"Good Girl, The",5505,,2026-03-28 17:44:14,10
4440,586,Stealing Home,3138,3138.0,2026-03-13 05:35:14,1
4441,586,Short Circuit,4545,,2026-03-16 18:28:48,5
4442,586,"Bourne Supremacy, The",8665,,2025-09-30 13:26:40,8
4443,586,"Third Man, The",1212,1212.0,2026-09-02 00:59:44,7
4444,586,"Opposite of Sex, The",1885,,2026-08-23 22:28:53,7
4445,587,Dead Man,714,714.0,2026-02-09 14:31:42,6
4446,587,"Very Brady Sequel, A",818,818.0,2026-06-18 17:18:27,2
4447,587,"Crazy, Stupid, Love.",88163,88163.0,2026-05-27 06:32:56,7
4448,588,Harry Potter and the Chamber of Secrets,5816,5816.0,2026-05-01 00:06:38,5
4449,588,Brazil,1199,1199.0,2025-12-03 11:42:06,5
4450,588,City of God,6016,6016.0,2026-04-05 00:57:07,3
4451,588,Fast Times at Ridgemont High,3210,3210.0,2026-06-22 01:34:37,1
4452,588,Revenge of the Nerds,4214,4214.0,2025-12-05 16:14:04,7
4453,588,Gravity,104841,104841.0,2026-02-14 05:16:32,1
4454,588,Dune,2021,2021.0,2026-05-31 18:42:55,4
4455,588,Flatliners,3686,,2026-06-19 19:45:26,8
4456,589,"Net, The",185,185.0,2026-05-29 17:50:15,8
4457,589,"O Brother, Where Art Thou?",4027,4027.0,2026-08-26 19:28:17,6
4458,589,"Sixth Sense, The",2762,2762.0,2026-05-01 22:34:51,5
4459,589,"O Brother, Where Art Thou?",4027,4027.0,2026-03-12 19:03:54,4
4460,589,Jumanji,2,2.0,2026-02-12 03:56:28,4
4461,589,Spectre,136020,136020.0,2026-03-28 17:36:53,4
4462,589,End of Days,3113,,2026-03-01 19:42:57,6
4463,589,Night of the Living Dead,968,,2026-02-12 19:32:44,4
4464,589,The Tale of the Bunny Picnic,183301,183301.0,2026-02-02 19:11:07,10
4465,589,Mr. & Mrs. Smith,33679,33679.0,2025-12-17 17:54:16,4
4466,589,Blues Brothers 2000,1772,1772.0,2026-08-04 11:03:34,3
4467,589,Orgazmo,2325,2325.0,2026-04-12 18:59:51,4
4468,589,Room in Rome,85885,,2025-10-09 13:38:38,2
4469,589,Earth vs. the Flying Saucers,2665,,2025-12-04 05:09:32,10
4470,590,Star Wars: Episode I - The Phantom Menace,2628,2628.0,2026-05-06 01:57:56,3
4471,590,Stand by Me,1259,1259.0,2025-09-16 20:11:53,1
4472,590,Big,2797,2797.0,2026-01-24 18:31:23,1
4473,591,Twilight,63992,63992.0,2026-02-14 17:51:39,3
4474,591,Gang Related,1662,,2025-11-23 09:23:55,6
4475,591,Road House,4654,4654.0,2026-06-29 00:33:05,1
4476,591,L.A. Confidential,1617,,2026-08-14 14:18:55,8
4477,591,Million Dollar Baby,30707,,2026-03-14 04:18:27,8
4478,591,Legend,2143,,2025-10-15 11:06:48,5
4479,591,Cheech & Chong's The Corsican Brothers,5428,,2026-02-15 23:50:17,9
4480,592,Only You,289,,2026-06-04 10:33:21,5
4481,593,Road House,4654,4654.0,2026-04-04 00:23:15,2
4482,593,Super Size Me,8464,,2025-12-03 08:11:01,2
4483,593,Saint Ralph,33826,33826.0,2025-09-21 12:09:44,9
4484,593,Stargate,316,316.0,2025-09-14 10:42:48,10
4485,593,Point of No Return,8268,8268.0,2026-02-21 07:09:36,3
4486,593,Gone in 60 Seconds,3717,3717.0,2026-06-03 04:24:37,2
4487,593,Home,130520,130520.0,2026-05-15 23:09:49,2
4488,593,Tropic Thunder,61132,,2025-09-12 10:59:16,3
4489,593,Ace Ventura: When Nature Calls,19,19.0,2026-03-19 09:32:50,5
4490,593,Semi-Pro,58156,,2026-04-12 20:17:00,10
4491,593,Harold & Kumar Escape from Guantanamo Bay,59022,,2025-11-02 05:13:52,5
4492,593,Crash,33166,,2026-02-11 14:31:55,10
4493,594,Face/Off,1573,,2026-01-08 12:41:00,9
4494,594,Barcelona,417,,2026-04-14 01:57:43,10
4495,594,Out of the Past,2066,2066.0,2026-01-26 05:31:47,3
4496,594,Cloud Atlas,97752,,2026-07-07 11:50:54,6
4497,594,Source Code,85414,,2026-08-14 22:14:10,7
4498,594,Sixteen Candles,2144,,2026-02-27 11:56:48,8
4499,595,Hercules,1566,1566.0,2025-10-12 23:40:51,1
4500,595,X-Men: The Last Stand,45499,45499.0,2026-07-23 07:36:58,2
4501,595,Akira,1274,,2026-07-20 00:19:39,8
4502,595,Waterworld,208,,2026-01-14 00:12:15,10
4503,595,Hot Tub Time Machine,76077,,2026-03-16 15:25:47,9
4504,595,Dead Man Walking,36,36.0,2026-01-16 07:52:30,6
4505,595,Speed,377,377.0,2026-01-21 18:18:50,3
4506,595,"Shaggy Dog, The",1016,1016.0,2026-05-01 15:58:45,8
4507,595,Cruel Intentions,2541,2541.0,2026-06-03 16:53:08,6
4508,595,Ghosts of Mississippi,1401,1401.0,2026-06-06 17:59:29,1
4509,595,Hulk,6534,,2025-10-13 21:29:50,8
4510,596,"Truman Show, The",1682,,2025-12-23 23:55:58,9
4511,596,Delirium,124851,124851.0,2026-06-08 07:15:45,5
4512,596,Disclosure,225,,2026-07-23 19:31:04,7
4513,596,"Pawnbroker, The",3789,3789.0,2026-03-14 09:01:01,7
4514,596,Falling Down,3020,,2026-04-27 03:08:24,6
4515,596,In the Line of Fire,474,,2025-10-22 20:49:30,5
4516,596,Pirates of the Caribbean: The Curse of the Black Pearl,6539,6539.0,2025-10-19 01:31:18,1
4517,597,Fargo,608,608.0,2025-09-29 03:30:59,2
4518,597,Heavenly Creatures,247,,2025-12-25 14:45:52,8
4519,597,Léon: The Professional,293,,2026-07-27 13:24:35,7
4520,597,GoldenEye,10,10.0,2026-07-19 18:05:08,4
4521,598,Hook,3489,3489.0,2025-11-11 20:50:02,6
4523,598,Terminator 2: Judgment Day,589,,2026-01-23 16:22:32,10
4524,598,Midnight Cowboy,1952,,2025-11-07 10:45:23,9
4525,598,Babe,34,,2025-10-03 06:24:28,4
4526,598,"First Wives Club, The",830,,2025-12-30 06:53:04,10
4527,598,Pirates of the Caribbean: Dead Man's Chest,45722,45722.0,2026-04-30 15:14:21,9
4528,598,Twister,736,,2025-12-24 02:12:38,5
4529,598,My Cousin Vinny,2302,2302.0,2026-05-16 00:51:05,5
4530,598,Code 46,8800,,2025-10-20 13:25:30,7
4531,599,Me and Earl and the Dying Girl,127202,,2025-09-25 08:58:38,10
4532,599,Mad Max,3702,3702.0,2025-09-09 02:36:16,4
4533,599,Grumpier Old Men,3,3.0,2026-08-17 03:44:33,2
4534,599,Trainspotting,778,778.0,2026-07-31 16:43:02,1
4535,600,Mulan,1907,1907.0,2025-12-10 22:47:06,6
4536,600,"Lost World: Jurassic Park, The",1544,,2026-01-17 11:38:25,7
4537,600,Do the Right Thing,3424,,2026-05-22 06:45:20,4
4538,600,Superman,2640,2640.0,2026-03-13 10:18:52,4
4539,600,Amelie,4973,4973.0,2026-06-15 09:16:34,8
4540,601,"Lord of the Rings: The Fellowship of the Ring, The",4993,,2026-03-31 08:43:33,9
4541,601,Fantastic Beasts and Where to Find Them,135143,,2025-09-12 00:36:45,5
4542,601,Cube,2232,2232.0,2026-07-05 04:03:08,3
4543,601,Rob Roy,151,151.0,2025-09-22 10:42:43,7
4544,601,Hellraiser,3917,,2026-05-14 16:29:27,6
4545,601,"Great Dictator, The",1281,,2026-03-20 10:20:15,4
4546,601,Deadpool,122904,,2025-12-11 20:02:52,5
4547,601,Moulin Rouge,4308,,2026-07-13 06:26:24,8
4548,601,Beetlejuice,2174,,2026-05-21 15:09:17,9
4549,601,Warm Bodies,99007,,2025-09-20 15:55:44,2
4550,601,Basket Case,4697,4697.0,2025-10-18 03:47:18,2
4551,601,They Call Me Bruce?,6141,,2025-10-03 12:45:37,8
4552,602,"Nutty Professor, The",788,,2026-04-01 18:03:10,10
4553,602,Bruce Almighty,6373,6373.0,2026-02-02 05:25:40,3
4554,602,Fahrenheit 9/11,8622,8622.0,2026-02-16 19:19:01,6
4555,602,Phenomenon,802,802.0,2026-05-13 03:50:17,4
4556,602,"Mask, The",367,,2026-08-18 04:36:48,8
4557,602,Big Night,994,994.0,2025-11-18 12:09:27,8
4558,602,Deep Rising,1762,1762.0,2026-07-20 05:12:12,2
4559,602,Breakfast at Tiffany's,902,902.0,2026-01-13 22:49:00,1
4560,602,"Monsters, Inc.",4886,,2025-10-25 08:37:41,6
4561,602,The Hunger Games: Mockingjay - Part 1,116823,116823.0,2026-03-14 00:45:50,1
4562,602,Howards End,3260,3260.0,2026-04-25 01:50:02,3
4563,602,"Pelican Brief, The",2803,,2026-03-09 09:55:36,10
4564,603,Tin Cup,852,,2026-01-01 07:05:07,10
4565,603,Sabrina,915,915.0,2025-10-25 08:45:36,7
4566,603,Interview with the Vampire: The Vampire Chronicles,253,,2025-12-30 10:53:54,9
4567,603,Armageddon,1917,1917.0,2025-09-19 00:36:53,4
4568,603,"Me, Myself & Irene",3752,,2026-07-09 20:33:41,7
4569,603,"Simpsons Movie, The",54272,,2026-02-01 18:46:48,10
4570,603,Mr. Holland's Opus,62,,2025-10-24 03:54:55,5
4571,603,Kong: Skull Island,168254,168254.0,2026-08-20 04:37:12,6
4572,603,King Kong,41569,,2026-03-21 07:55:45,8
4573,604,Starship Troopers,1676,,2026-05-21 18:45:16,4
4574,605,Pearl Harbor,4310,,2026-05-14 05:36:50,7
4575,605,"Guard, The",88235,88235.0,2025-09-17 16:19:35,3
4576,605,Toy Story,1,1.0,2026-09-01 00:36:45,6
4577,605,Dumb & Dumber,231,,2025-12-28 06:41:17,10
4578,605,"Godfather: Part II, The",1221,,2026-05-15 10:35:09,4
4579,605,"Nightmare on Elm Street, A",1347,,2026-07-23 15:17:39,8
4580,605,"Flintstones, The",355,,2026-08-13 23:40:28,5
4581,605,Animal House,3421,,2025-11-27 17:49:12,10
4582,605,Gone in 60 Seconds,3717,3717.0,2026-02-16 04:07:38,2
4583,605,Mighty Joe Young,2429,2429.0,2026-08-10 00:34:15,3
4584,606,Bedknobs and Broomsticks,1031,,2026-05-28 19:03:45,8
4585,606,Osmosis Jones,4719,4719.0,2026-04-27 13:14:35,7
4586,606,Killer's Kiss,2727,2727.0,2026-05-28 22:17:24,6
4587,606,"Replacements, The",3861,3861.0,2026-01-14 01:34:54,8
4588,606,Spaceballs,3033,3033.0,2025-10-13 10:38:31,6
4589,606,"Cabin in the Woods, The",93840,,2026-03-18 23:36:57,6
4590,606,Rocky IV,2411,,2025-09-15 11:28:35,9
4591,606,Cujo,2121,2121.0,2026-08-13 13:49:30,6
4592,606,Donnie Brasco,1466,1466.0,2026-07-30 23:48:31,2
4593,607,Trainspotting,778,,2026-03-20 01:31:10,7
4594,607,Forrest Gump,356,356.0,2026-09-04 04:47:14,1
4595,607,Basic Instinct,1092,1092.0,2026-02-10 11:09:00,3
4596,608,M*A*S*H,5060,,2025-10-05 01:30:06,4
4597,608,Heavy Metal,610,,2026-07-09 03:36:44,9
4598,608,Pulp Fiction,296,296.0,2026-02-24 03:16:42,2
4599,608,Michael,1409,,2025-11-30 23:21:35,3
4600,608,"Bourne Supremacy, The",8665,,2025-12-22 04:52:16,5
4601,608,Meet the Fockers,30825,30825.0,2026-07-04 03:39:37,10
4602,608,Fandango,2073,2073.0,2026-05-31 23:45:20,1
4603,608,"Triplets of Belleville, The",6773,6773.0,2025-10-01 12:12:15,2
4604,608,Crimson Tide,161,161.0,2025-09-15 03:01:18,2
4605,608,Hannah and Her Sisters,6993,,2026-02-14 15:40:02,10
4606,608,"Beautiful Mind, A",4995,4995.0,2026-03-07 07:04:03,1
4607,608,Black Panther,122906,122906.0,2025-09-26 16:05:59,1
4608,608,Forrest Gump,356,356.0,2026-05-04 10:35:45,1
4609,608,Stripes,1663,1663.0,2026-04-25 12:00:39,7
4610,609,Manhattan,1244,,2026-04-02 02:32:15,7
4611,610,Planet Earth,159817,159817.0,2026-01-29 13:14:36,2
4612,610,Full Metal Jacket,1222,1222.0,2025-11-20 23:17:54,7
4613,610,Taxi Driver,111,111.0,2025-10-28 02:43:16,4
4614,610,My Cousin Vinny,2302,2302.0,2025-10-26 08:03:26,3
4615,610,Avalon,6790,,2025-10-12 08:26:04,6
4616,610,Seven,47,,2025-11-04 14:08:51,10
4617,610,"Dark Knight, The",58559,58559.0,2026-07-17 07:47:33,2
4618,610,Courage Under Fire,647,,2025-12-20 17:02:19,8
